"baseMean","log2FoldChange","lfcSE","stat","pvalue","padj","ensembl_id","gene_symbol"
331.526695266323,4.6821605869082,0.114529995012594,40.8815226648123,0,0,"ENSMUSG00000094697",NA
258.469019944452,-5.5059000277964,0.150941166684454,-36.4771264774083,2.55654604733934e-291,2.98387271915212e-287,"ENSMUSG00000020415","Pttg1"
2035.56501458376,1.19086756248694,0.03351006065525,35.5376128601654,1.29091143569528e-276,1.0044581881145e-272,"ENSMUSG00000053644","Aldh7a1"
4420.96857065701,1.51931046480697,0.0445811576568281,34.0796548286643,1.47672368343046e-254,8.6177902355793e-251,"ENSMUSG00000079710","Dynlt2a2"
268.154152030984,-2.68244376073999,0.0787757211600012,-34.0516560336107,3.83605198063335e-254,1.79089922767849e-250,"ENSMUSG00000021798","Ldb3"
241.667921207781,6.05386932035096,0.179162871409099,33.7897538297854,2.78909843167259e-250,1.08509874484222e-246,"ENSMUSG00000092465",NA
118.709969581334,2.68855837138132,0.0847595518807934,31.7198275795811,8.2800579422889e-221,2.76116275066928e-217,"ENSMUSG00000085882","2610507I01Rik"
427.535061269047,-1.61559261705045,0.0518233897044331,-31.1749699559358,2.3275489218204e-213,6.79149681025671e-210,"ENSMUSG00000072680",NA
438.689869424905,-1.61378689475363,0.0523609924608846,-30.8204031075077,1.39662308010832e-208,3.62237472877428e-205,"ENSMUSG00000021867",NA
439.372318817409,-1.61007912555516,0.0528287995400261,-30.4772991166546,5.21026688697339e-204,1.2162325994262e-200,"ENSMUSG00000072676","Tmem254"
96.2320089214736,-4.13873690583594,0.136277718485601,-30.3698722860058,1.37340593111801e-202,2.91449224091707e-199,"ENSMUSG00000054594","Oscar"
8966.41242650762,1.44542652598988,0.0481695789875857,30.0070408828442,7.94280283319565e-198,1.54507372112738e-194,"ENSMUSG00000036552","Ermard"
943.831121438941,-1.06759135562979,0.0359275151129432,-29.7151459619086,4.89385683530278e-194,8.78748462357484e-191,"ENSMUSG00000002345","Borcs8"
2950.31024348492,1.07636930084716,0.0371865808458863,28.945099989375,3.23447974428423e-184,5.39303290505906e-181,"ENSMUSG00000024026","Glo1"
149.713140187784,-6.78625036311308,0.239651571768707,-28.3171535785404,2.12523127176501e-176,3.3072849051207e-173,"ENSMUSG00000059751","Rps3a3"
141.903133267401,1.95833004323759,0.0692172605555715,28.2925100981905,4.27283987886027e-176,6.2338063307647e-173,"ENSMUSG00000001473","Tubb6"
156.377969328802,2.94176530786862,0.106447095916753,27.635937669631,4.11877890149863e-168,5.65556799398132e-165,"ENSMUSG00000046101","Mcmdc2"
395.147422303122,1.42717199709901,0.051975681622267,27.4584565811176,5.50644395245834e-166,7.14094006567973e-163,"ENSMUSG00000032498","Mlh1"
93.6646240881534,-4.82089130115722,0.182325162912329,-26.4411736929332,4.60955892743066e-154,5.66320705489547e-151,"ENSMUSG00000079450","Cldn34c1"
83.5624160310497,5.56774691404917,0.211404130268048,26.336982664386,7.23542636682882e-153,8.44482788404426e-150,"ENSMUSG00000084349","Rpl3-ps1"
219.001013039823,2.00492127183257,0.0767244673920665,26.131445938716,1.60182024556337e-150,1.78053761867551e-147,"ENSMUSG00000063320","Uqcc6"
1503.48453418787,-3.18636776459957,0.123094547523239,-25.8855313148457,9.6916591483727e-148,1.02832908863847e-144,"ENSMUSG00000021091","Serpina3n"
152.064665946112,2.51502688040526,0.0983585588692034,25.5699850558987,3.29185519667434e-144,3.34094677634648e-141,"ENSMUSG00000097141",NA
68.9062453231286,-3.12423253443309,0.123322092370835,-25.3339241523601,1.35141721618325e-141,1.31442216989024e-138,"ENSMUSG00000097815",NA
672.130584109346,1.19868794747035,0.0478985602152769,25.0255527949678,3.22301516806023e-138,3.0093937227212e-135,"ENSMUSG00000060427","Zfp868"
95.6350240375585,2.71598955889457,0.111319974572578,24.3980432920761,1.79395328655995e-131,1.61062506031418e-128,"ENSMUSG00000033826","Dnah8"
93.7638768428066,6.04684480145222,0.251374757809335,24.0550994624476,7.38261345887088e-128,6.38267948038604e-125,"ENSMUSG00000080242",NA
89.0747767393847,5.7420461877255,0.240870711338764,23.8387064820422,1.32620212436101e-125,1.10562629246283e-122,"ENSMUSG00000093846","Gm4425"
21243.5679452376,1.06493496388771,0.045500099472906,23.4051128728159,3.79080682321566e-121,3.05133805773528e-118,"ENSMUSG00000096780",NA
319.929454312923,2.01050381576202,0.0876532947688436,22.9370022092616,1.9865531043672e-116,1.54573697050812e-113,"ENSMUSG00000097785","B230217O12Rik"
678.085750557617,0.754971862241953,0.0330398528341301,22.8503397406804,1.45006604839141e-115,1.09189973443874e-112,"ENSMUSG00000027428","Rbbp9"
64.8581137496668,-4.28818738685751,0.187690512221176,-22.8471185682751,1.5610352845111e-115,1.13872645769821e-112,"ENSMUSG00000090129","Or10ad1"
68.6971395605198,3.98485471298422,0.174784832124799,22.7986299757348,4.73089677652138e-115,3.34646434710117e-112,"ENSMUSG00000066258","Trim12a"
640.12420113336,-0.687637542916201,0.0304486767715349,-22.5834951080384,6.29671433801264e-113,4.32306478800674e-110,"ENSMUSG00000054676","1600014C10Rik"
47.1798143156536,4.22313197647595,0.18943259374884,22.2935868263262,4.26422733362602e-110,2.8439959613952e-107,"ENSMUSG00000024114","Prss41"
23394.1807873708,1.01556959741976,0.0460813802019498,22.0386106702766,1.22849411552091e-107,7.96576059405685e-105,"ENSMUSG00000097723",NA
865.091789746219,0.82273360397346,0.0380062453614772,21.6473265419524,6.44097825476779e-104,4.06356095678499e-101,"ENSMUSG00000025086","Trub1"
667.085810494056,-1.01795785724169,0.0477300152740322,-21.3274152835964,6.32052213935939e-101,3.88263021839648e-98,"ENSMUSG00000040102","Klhl42"
550.347799024752,2.21031930813037,0.105051654532516,21.0403093408322,2.80541874944381e-98,1.67915102226326e-95,"ENSMUSG00000095564",NA
85.4258842745755,-5.39315200916129,0.256464103914351,-21.0288766608928,3.57003597419754e-98,2.08338374364233e-95,"ENSMUSG00000002324","Rec8"
1905.61778866008,1.68948732217046,0.0805222988924569,20.9816081434398,9.65718863059406e-98,5.49823790741359e-95,"ENSMUSG00000044783","A730008H23Rik"
1136.15263772644,-1.31005526548359,0.0630944043228125,-20.7634144349933,9.27376378231564e-96,5.15422542787129e-93,"ENSMUSG00000023826","Prkn"
290.882877650242,6.27282383011543,0.305447774181819,20.5364856460912,1.01657655438576e-93,5.51859221140157e-91,"ENSMUSG00000024027","Glp1r"
83.9198188457497,7.09851572781125,0.347897198024396,20.4040612230325,1.53888531920134e-92,8.16413636502658e-90,"ENSMUSG00000063696","Gm8730"
858.324954494938,-1.24311508530117,0.0620609295225402,-20.0305585956408,2.98293293926326e-89,1.54734674669383e-86,"ENSMUSG00000098702","1500015A07Rik"
67.0232985349157,6.77446072165307,0.338876840008676,19.9909227242547,6.60628273780956e-89,3.3524012597541e-86,"ENSMUSG00000084131","Rpl3-ps2"
456.85484002055,-1.04889728308179,0.0526460515602392,-19.9235698024116,2.54205550269232e-88,1.26253620424142e-85,"ENSMUSG00000030423","Pop4"
52.9938748565565,-3.17603974054103,0.160229179131626,-19.8218561547517,1.92862383428663e-87,9.37913878411515e-85,"ENSMUSG00000092500",NA
142.37266816489,8.18763402904372,0.424681708591744,19.2794600365392,7.99062463206072e-83,3.80663573033048e-80,"ENSMUSG00000060177","Klk1b22"
143.330647199146,-10.1968509718943,0.529155679353989,-19.2700397439615,9.58624115998723e-83,4.47543254795164e-80,"ENSMUSG00000066553",NA
316.66186118162,-2.94218225043552,0.15270090679875,-19.2676147910054,1.00460551707971e-82,4.59813854611601e-80,"ENSMUSG00000085642",NA
4399.94443996641,-0.829346136979219,0.0433564004071818,-19.1285745401005,1.46012405578774e-81,6.55455304504868e-79,"ENSMUSG00000035964","Tmem59l"
86.5034144037586,5.50554761191444,0.290176746490945,18.9730834000037,2.84706605145869e-80,1.2539445818717e-77,"ENSMUSG00000040084","Bub1b"
71.6014086709932,1.9505843372949,0.1028226489997,18.9703762378325,2.99753555711838e-80,1.295768009441e-77,"ENSMUSG00000042961","Egflam"
44.4430451407137,-4.00326650475794,0.211092647860593,-18.9644999261259,3.35199992492771e-80,1.4226497135925e-77,"ENSMUSG00000003484","Cyp4f18"
39.1049868133491,-3.26570751925506,0.172400535690387,-18.9425601618774,5.0862679025528e-80,2.12015627945161e-77,"ENSMUSG00000069755",NA
467.83985843001,1.56183001390671,0.0828932694272756,18.8414575115407,3.45324184575191e-79,1.41419341062082e-76,"ENSMUSG00000079707","Dynlt2a1"
45.3356735274119,5.74765238188453,0.307089733130415,18.7165240703232,3.63085425341335e-78,1.46129363512807e-75,"ENSMUSG00000097906","Gm9625"
847.88824285276,-1.1870014125069,0.0638069281762578,-18.6030176727514,3.0371960751413e-77,1.2016486098648e-74,"ENSMUSG00000094817",NA
730.570849130381,-0.905982193956006,0.0493465133511064,-18.3595989347785,2.76642686333475e-75,1.07627837118038e-72,"ENSMUSG00000052031","Tagap1"
33.912626316853,-5.13220674428754,0.28486556082188,-18.0162415192638,1.45284683168031e-72,5.55963993310059e-70,"ENSMUSG00000085666",NA
89.388455683118,2.69233380827157,0.149635542855133,17.9926089543987,2.22625395578782e-72,8.38184614354116e-70,"ENSMUSG00000053846","Lipg"
268.648871396382,-1.51093285036508,0.0842874064720052,-17.9259620577709,7.39600003289218e-72,2.74039410742543e-69,"ENSMUSG00000051242","Pcdhb9"
58.66980661287,-2.55278407893627,0.142478167263278,-17.9170193438769,8.68590863817709e-72,3.16804945845262e-69,"ENSMUSG00000051729","Gm5087"
837.299335462883,0.713561090970245,0.0402003982471098,17.7501000508508,1.72047249273672e-70,6.17861375353125e-68,"ENSMUSG00000037376","Trmt6"
1991.39522172857,1.13118174988709,0.0641268740268107,17.639745692487,1.22008805041165e-69,4.31522960011502e-67,"ENSMUSG00000027332","Ivd"
413.606322639755,-1.80865899670573,0.102860653874028,-17.5835844765363,3.29097602101239e-69,1.14658586952974e-66,"ENSMUSG00000000792","Slc5a5"
37.6976564971906,-2.76089949219211,0.157242502916653,-17.5582265671231,5.14579352400566e-69,1.7664449739833e-66,"ENSMUSG00000027606","Dnajc5b"
82.4503146862527,-1.86263612015445,0.107067052428452,-17.3969122891393,8.70716610340108e-68,2.94567215002451e-65,"ENSMUSG00000094800",NA
1350.8388578104,-0.838980748240793,0.0484768491688002,-17.3068333158246,4.17768626673541e-67,1.3931390074915e-64,"ENSMUSG00000020955","Ap4s1"
58.1990507638697,-2.94551830936499,0.171583407927512,-17.1666849664705,4.71596145401581e-66,1.55048856649424e-63,"ENSMUSG00000035429","Ptprh"
89.2145138837977,1.76111955339055,0.103424168318801,17.0281239097032,5.08071438887278e-65,1.64720994415913e-62,"ENSMUSG00000090215","Trim34b"
4011.83802791141,1.0115791619892,0.0594375289393664,17.0191994862561,5.91741042209936e-65,1.8921933079872e-62,"ENSMUSG00000093880",NA
36.4882696071725,3.13188186286473,0.184121815519866,17.0098358742656,6.94320066432824e-65,2.19020450145154e-62,"ENSMUSG00000036172","Cd200r3"
79.2779025700429,-1.8917819849951,0.111334408588667,-16.9918896500759,9.43015543062838e-65,2.93504157622878e-62,"ENSMUSG00000095304","Plac9"
530.262733378672,-1.34952276490145,0.0794317523193481,-16.989714131898,9.78649668582452e-65,3.00587094917371e-62,"ENSMUSG00000094002","Silc1"
30.8529911536011,5.23043739129645,0.30977245542558,16.884772353664,5.82405265867854e-64,1.76559560014978e-61,"ENSMUSG00000096403",NA
86.563591895841,-8.15439545317569,0.485053477477422,-16.8113328360897,2.01587403990527e-63,6.03289073250113e-61,"ENSMUSG00000066362","Rps13-ps1"
67.9794706472491,8.99047020437618,0.537582999797609,16.7238737232408,8.78206947942131e-63,2.59493478301432e-60,"ENSMUSG00000085235",NA
29.0298180736586,3.07933929243932,0.184265132916404,16.711459426436,1.08155782193558e-62,3.15585052968027e-60,"ENSMUSG00000030543","Mesp2"
182.404415794933,1.31421871702266,0.0787177532491196,16.695328090266,1.41737906820907e-62,4.08467649249437e-60,"ENSMUSG00000032679","Cd59a"
78.5697088884016,-1.9010258540848,0.113918292133533,-16.6876260035259,1.61256620679415e-62,4.59050402014583e-60,"ENSMUSG00000072674",NA
56.7398034348885,2.25064873744733,0.135153060107088,16.6525917775302,2.89775978210116e-62,8.14968754139608e-60,"ENSMUSG00000074852","Hpse2"
25.2623004525774,3.40130211369608,0.204477022809165,16.6341531530927,3.94290929850483e-62,1.09570633041665e-59,"ENSMUSG00000087194","Skint6"
52.8485858692664,-1.63382997541878,0.099357951440608,-16.4438774323504,9.2787698045199e-61,2.54816851231656e-58,"ENSMUSG00000085238","4930479D17Rik"
632.732021801662,0.940928785962665,0.0577141496590382,16.3032599721464,9.35656979610894e-60,2.53965591570431e-57,"ENSMUSG00000063698","Sfxn4"
461.483081526759,0.825273143823351,0.0507773614201284,16.2527772365936,2.13471013779904e-59,5.72764813179804e-57,"ENSMUSG00000027285","Haus2"
31.0781213242047,-5.5711861036331,0.343253330958444,-16.230537626764,3.06760798297184e-59,8.13717876664906e-57,"ENSMUSG00000043424","Eif3j2"
1425.1235593853,-1.1610625888623,0.0719971782716574,-16.1265012981678,1.6617131591603e-58,4.35835621059313e-56,"ENSMUSG00000053411","Cbx7"
57.641581094527,-2.39202747247568,0.149214530977213,-16.0307944327552,7.78807201555727e-58,2.01996627843504e-55,"ENSMUSG00000079262","Slco1a6"
1753.6092374253,-0.619403175760241,0.0387873823126922,-15.9691925267552,2.09480182170501e-57,5.37351196967692e-55,"ENSMUSG00000025373","Rnf41"
23.1763254267288,4.37889452908574,0.274443584013123,15.9555361617649,2.60724934446066e-57,6.61532841823318e-55,"ENSMUSG00000083011","Gm12816"
227.977647083764,-1.24235275722777,0.0786994833718038,-15.7860344693555,3.88231913389249e-56,9.74462102607016e-54,"ENSMUSG00000026646","Suv39h2"
28.9596351504111,-4.98849186279827,0.31908518430824,-15.6337307656984,4.28936510767469e-55,1.06517712455798e-52,"ENSMUSG00000074280",NA
492.78385917622,1.09203075761376,0.0698579644555996,15.6321582817923,4.39655404768684e-55,1.08030274879109e-52,"ENSMUSG00000022505","Emp2"
1930.32239034538,0.489463068747878,0.031472709364972,15.5519838813951,1.54252621549042e-54,3.75074890085343e-52,"ENSMUSG00000019969","Psen1"
6889.68427622938,0.896321781050649,0.0577458743326247,15.5218323630829,2.46898645772288e-54,5.9416031837758e-52,"ENSMUSG00000038141","Tmem181a"
50.102044255416,2.21726117128604,0.143356077309276,15.4668097293324,5.81167161915876e-54,1.38430459802064e-51,"ENSMUSG00000052270","Fpr2"
1526.71419545288,-1.65313415283909,0.10692328493414,-15.460936818929,6.36658269205916e-54,1.50116302808825e-51,"ENSMUSG00000050211","Pla2g4e"
120.281182889432,1.40547842958766,0.0914034274364652,15.3766490929962,2.34788349003756e-53,5.48066443079468e-51,"ENSMUSG00000056487","Tmt1a2"
46.1037848711208,5.62765563149959,0.368476104608231,15.272783122485,1.16109888480605e-52,2.68351794732946e-50,"ENSMUSG00000076612","Ighg2c"
68.4209979822005,-8.74354617185295,0.574194084836706,-15.2275100053312,2.32270451964794e-52,5.31557760805311e-50,"ENSMUSG00000079012","Serpina3m"
66.4868115217003,2.03814593811617,0.134923698277256,15.105915151599,1.4803675098657e-51,3.35497269735875e-49,"ENSMUSG00000020891","Alox8"
30.9140008658762,-2.87983432754946,0.190864747300627,-15.0883511401584,1.93210484625572e-51,4.33664648328339e-49,"ENSMUSG00000075427","Or10ad1c"
912.818843566962,-0.793905969895364,0.0529657572856542,-14.9890421770746,8.65929934558769e-51,1.92508594880051e-48,"ENSMUSG00000036775","Decr2"
348.149020873946,0.831589784292942,0.0556599575020237,14.9405393322966,1.79516413158716e-50,3.95325625694708e-48,"ENSMUSG00000085379",NA
684.471509359338,0.734783377542233,0.0492073262449234,14.9323979499503,2.02838568004971e-50,4.42510345134583e-48,"ENSMUSG00000032583","Mon1a"
1025.3344881676,0.477924907726194,0.0320653078600874,14.9047347311167,3.07029544105224e-50,6.63610245189653e-48,"ENSMUSG00000024082","Ndufaf7"
35.132086754346,-2.40225575689622,0.161350680315915,-14.888414180794,3.91956240777504e-50,8.39397663162319e-48,"ENSMUSG00000082145",NA
39.6051236177241,-2.81463888424899,0.189383539295352,-14.8621094247238,5.80676067598928e-50,1.23224740417834e-47,"ENSMUSG00000087604","Cdrt4os1"
43.6728509543564,1.87527696517702,0.126659046064162,14.8057088968367,1.34560863638138e-49,2.82977859450905e-47,"ENSMUSG00000084866","A930006K02Rik"
48.4522208042267,-7.85701671514109,0.532452872753654,-14.756266924634,2.80376358707205e-49,5.84359405473417e-47,"ENSMUSG00000074252","Gm10654"
2493.05080379474,-1.14577428772337,0.0786466593989648,-14.568632621902,4.44703161762401e-48,9.18646540267232e-46,"ENSMUSG00000062995","Ica1"
477.065483169715,2.05949774357103,0.141446044279003,14.5603063985915,5.02321546829825e-48,1.02856946207444e-45,"ENSMUSG00000096256",NA
271.826254796864,1.82179297390375,0.12538505011193,14.529586838921,7.86936323916135e-48,1.59734387905864e-45,"ENSMUSG00000015852","Fcrl2"
97.6615979012824,-1.92776942564982,0.133110995355476,-14.4824206332592,1.5648758870161e-47,3.14904291643249e-45,"ENSMUSG00000021758","Ddx4"
279.348809279985,-1.05837718268525,0.0732431526491771,-14.4501860502196,2.50009622736134e-47,4.98801249874322e-45,"ENSMUSG00000004552","Ctse"
251.436372840275,1.19929666529299,0.0834951936335905,14.3636611055239,8.74810206561093e-47,1.73056734336912e-44,"ENSMUSG00000056144","Trim34a"
27.5173588798249,-2.51652411760448,0.17544435018699,-14.3437170528567,1.1663727370567e-46,2.2879528404298e-44,"ENSMUSG00000097962","1700034G24Rik"
208.874861640917,-0.889509722736127,0.062254809190575,-14.2882089641164,2.59189914572895e-46,5.04189181322923e-44,"ENSMUSG00000097891","Gm3650"
421.204721442008,-0.97500542126628,0.0684439673781937,-14.2453083685052,4.79427021330888e-46,9.24897930489829e-44,"ENSMUSG00000075520","Malrd1"
71.5715282907025,1.3356529233253,0.0940640264032401,14.1994019860422,9.23975146331252e-46,1.76789769186971e-43,"ENSMUSG00000099196","Mir1258"
176.934583471443,1.36548428711265,0.0966092837741974,14.1340897454966,2.34141916818754e-45,4.40772158411304e-43,"ENSMUSG00000037847","Nmrk1"
21.3191703153614,-4.29667780040435,0.303993387888082,-14.1341159761877,2.34054695302669e-45,4.40772158411304e-43,"ENSMUSG00000062611","Rps3a2"
83.4038901248816,1.93630634879035,0.137163942932047,14.1167300049812,2.9957290651057e-45,5.59434428534099e-43,"ENSMUSG00000058057","Tmt1a3"
180.504923043963,-0.762627914189168,0.0545527335356953,-13.9796462021497,2.07517045095931e-44,3.84450030450343e-42,"ENSMUSG00000035439","Haus8"
568.101617410396,0.564032192293017,0.0406130204967482,13.8879646328738,7.49345640432459e-44,1.37732088855235e-41,"ENSMUSG00000027395","Polr1b"
650.37765743926,-1.16053536404926,0.08400165365743,-13.8156252111664,2.05165180900617e-43,3.74153970137743e-41,"ENSMUSG00000040187","Bmal2"
827.250653688219,-0.792427411203328,0.0578014664987123,-13.709468966864,8.91076070149426e-43,1.61243323298434e-40,"ENSMUSG00000021113","Snapc1"
434.592175784895,0.858330504716315,0.0628340821932538,13.6602696300459,1.75333339597066e-42,3.14831242016485e-40,"ENSMUSG00000025911","Adhfe1"
783.957002326079,-0.531034640488117,0.0388783922501091,-13.6588631821993,1.78752526661602e-42,3.18520628233723e-40,"ENSMUSG00000030301","Ccdc91"
96.6958987060154,-1.67085423810309,0.122534829014723,-13.6357495378096,2.45455882776465e-42,4.34066414519016e-40,"ENSMUSG00000020799","Tekt1"
16.0012811456066,3.62146186506105,0.268870259142608,13.4691798066823,2.37489420715085e-41,4.16820717876107e-39,"ENSMUSG00000079103","Tgm7"
691.768212187629,0.926500857413274,0.068929844103075,13.4412150421786,3.46696763396055e-41,6.03950936414486e-39,"ENSMUSG00000097164",NA
2556.01928065102,0.327431276692625,0.0244547413727775,13.3892757932461,6.98585847816238e-41,1.20793255152403e-38,"ENSMUSG00000025421","Hdhd2"
17.8968097129359,4.13935991448768,0.310445326577701,13.3336196750626,1.47560655980757e-40,2.53272675923443e-38,"ENSMUSG00000040899","Ccr6"
1081.14982565588,-0.526176509711529,0.0395831139646264,-13.2929539141804,2.54335751166134e-40,4.33354703611027e-38,"ENSMUSG00000029433","Diablo"
15.8808665975426,3.76954163499861,0.284399767089488,13.2543766599236,4.25638766341626e-40,7.1997722628352e-38,"ENSMUSG00000057244","Gm6139"
35.0117224084534,-2.17120669342706,0.163854774283644,-13.2507990866873,4.46424407836701e-40,7.49703953390799e-38,"ENSMUSG00000098027",NA
83.8163678333756,2.27664344044241,0.17214003745563,13.2255312250018,6.2494130935355e-40,1.04200035601714e-37,"ENSMUSG00000047963","Stbd1"
16.2515039419213,3.59462440527585,0.273668742606118,13.1349469107967,2.07637005014505e-39,3.43749688514439e-37,"ENSMUSG00000091957","Rps2-ps10"
16.3767307925393,3.85457939613308,0.293536927392542,13.131497390713,2.17316408584748e-39,3.57240628562941e-37,"ENSMUSG00000081684","Rps2-ps13"
155.299876742028,1.04014225017751,0.0792222322958282,13.1294236483195,2.23349931441746e-39,3.64591430045083e-37,"ENSMUSG00000093789","Methig1"
15.6949057316616,3.75524579595293,0.286207535776301,13.1207090189548,2.50579517129397e-39,4.06199838079966e-37,"ENSMUSG00000061833","Gm6311"
80.9395762326518,-1.2688809463848,0.0967784222807922,-13.1111968606316,2.84079566885761e-39,4.57328919297539e-37,"ENSMUSG00000097656",NA
41.9569252998466,-1.87228230736161,0.143094971502961,-13.0841935792472,4.05440216877475e-39,6.48232259080198e-37,"ENSMUSG00000087555",NA
1475.3933211226,0.721809549608259,0.0557171157587203,12.9548979658964,2.20428988914579e-38,3.50032237294762e-36,"ENSMUSG00000032497","Lrrfip2"
393.36211689631,-0.718268789045757,0.055545886009698,-12.9310888824485,3.00532111668645e-38,4.74008181262242e-36,"ENSMUSG00000043162","Pyurf"
1290.51033018015,0.609698063594052,0.0472064250000763,12.915573750672,3.6769301261243e-38,5.76044160631674e-36,"ENSMUSG00000034674","Tdg"
145.337045448109,1.45909159635931,0.112981607883174,12.9144169896047,3.73260464859306e-38,5.80867935414052e-36,"ENSMUSG00000074863","Platr25"
3826.41684705899,-0.36134717284006,0.0280364644568271,-12.8884714902798,5.22695183679286e-38,8.08031369048051e-36,"ENSMUSG00000042428","Mgat3"
109.300426698999,1.01276779076368,0.0787978804166957,12.8527288476289,8.30287687731518e-38,1.27509246675769e-35,"ENSMUSG00000032478","Nme6"
538.949119942273,-0.802142406159626,0.0626427071310266,-12.8050405689177,1.53645498759607e-37,2.34414828597746e-35,"ENSMUSG00000044933","Sstr3"
3230.36351946409,-0.479901929354875,0.0375662155254545,-12.774827664759,2.26649155617138e-37,3.43550080491614e-35,"ENSMUSG00000034681","Rnps1"
1206.90036156684,0.890086056925155,0.0697104136621539,12.768337041276,2.4636174007882e-37,3.71020780558703e-35,"ENSMUSG00000008435","Rdh13"
37.6436827535501,-1.7939960795199,0.141179151129139,-12.7072309556452,5.39097752299388e-37,8.06676848200296e-35,"ENSMUSG00000101458",NA
83.0013768852175,1.41467905112086,0.111356571478783,12.7040464009831,5.61496949753969e-37,8.34842248287064e-35,"ENSMUSG00000033715","Akr1c14"
4700.58125964529,-0.395012234359313,0.0314897393954356,-12.5441569839276,4.27944236643e-36,6.32246982022629e-34,"ENSMUSG00000037098","Rab11fip3"
306.426103952213,0.699300323689759,0.0560207166518569,12.4828878579971,9.25673049301914e-36,1.3589928295506e-33,"ENSMUSG00000024528","Srfbp1"
124.897176172079,-1.38517348750153,0.110977419902571,-12.4815794845258,9.41012131640847e-36,1.37287788680577e-33,"ENSMUSG00000039391","Ccdc81"
289.068366132853,-0.996937028172589,0.0802538051471778,-12.4223022988667,1.97786451817083e-35,2.86765785389203e-33,"ENSMUSG00000021747","Cfap20dc"
635.081046909358,-0.777323697076909,0.0627060854426548,-12.3963039885144,2.73657558130604e-35,3.94320270335968e-33,"ENSMUSG00000085720","Gm7854"
49.2311870322291,1.28993388855385,0.104424172852531,12.3528284047364,4.70284520742765e-35,6.73487826239163e-33,"ENSMUSG00000027246","Ell3"
1287.2432278233,-0.614538065653534,0.0498150515845709,-12.3363932407103,5.76824474225988e-35,8.16049315264075e-33,"ENSMUSG00000024160","Spsb3"
27.7581304700387,-1.89442942439385,0.153562939568362,-12.3365014352991,5.76050091076885e-35,8.16049315264075e-33,"ENSMUSG00000048138","Dmrt2"
1096.95668203654,0.684005602091657,0.0554716744313072,12.3307184991989,6.18923701276988e-35,8.70333491500526e-33,"ENSMUSG00000013622","Atraid"
14.8269877843712,5.0080715890592,0.414068560183259,12.0947883288766,1.12531923537122e-33,1.5729537072617e-31,"ENSMUSG00000095427","Rps2-ps6"
981.472644509892,0.523390227911956,0.0434025417542021,12.0589764276025,1.73931067931453e-33,2.416710070669e-31,"ENSMUSG00000024604","Rbm22"
861.06732343349,2.25718361641623,0.187983484665801,12.0073506480055,3.25093714927415e-33,4.49033289204181e-31,"ENSMUSG00000093909",NA
79.572317894883,-2.89593778954799,0.242977679081396,-11.9185342476576,9.47609975726359e-33,1.30117998019885e-30,"ENSMUSG00000050936",NA
377.817021035299,0.611374470199333,0.0513684484205369,11.9017507633131,1.15890012198868e-32,1.58200032441998e-30,"ENSMUSG00000036860","Mrpl55"
60.5864888574926,1.46627321579753,0.123602762505739,11.8627867700728,1.84722832240428e-32,2.50696806569089e-30,"ENSMUSG00000079700","Fpr3"
129.490568927066,-3.15506980837269,0.266239961487667,-11.8504742516605,2.13976384226337e-32,2.88719695780079e-30,"ENSMUSG00000058626","Capn11"
614.696028603566,-0.451448138896828,0.0381709367367217,-11.8270123159571,2.83037659450084e-32,3.79709660031224e-30,"ENSMUSG00000052794","1700030K09Rik"
19.7150712371267,-2.71319077592624,0.232236520053879,-11.6828773325435,1.55926393358346e-31,2.07987988580793e-29,"ENSMUSG00000027326","Knl1"
2186.02923221252,0.962477329584035,0.0824421770005611,11.6745744059801,1.71924004363992e-31,2.28023979197084e-29,"ENSMUSG00000015522","Arnt"
326.606610537109,-1.0043454932112,0.0860922349785149,-11.6659242667106,1.90324885151775e-31,2.5100303921457e-29,"ENSMUSG00000023908","Pkmyt1"
8.9133012356061,6.44216728834181,0.553929324986166,11.6299444671984,2.90286358713623e-31,3.80682835474837e-29,"ENSMUSG00000046952","Gm5815"
714.372104288119,0.51074603208843,0.0441318102533112,11.573194690107,5.63448430496825e-31,7.34780821960189e-29,"ENSMUSG00000038374","Rbm8a"
1658.08153004947,0.712828772094403,0.0616261645061607,11.5669825926477,6.05757356349307e-31,7.8556633162566e-29,"ENSMUSG00000058761","Rnf169"
433.136918903145,0.790184433563515,0.0683356261274422,11.5632866535804,6.32410370248865e-31,8.15599738824268e-29,"ENSMUSG00000033852","Gm28042"
718.034342435099,-0.992687643660345,0.0864566069079815,-11.4819176829007,1.62632787512183e-30,2.08589953785544e-28,"ENSMUSG00000044712","Slc38a6"
696.931943252918,-0.647114923889414,0.0566321947492782,-11.4266262636354,3.07838101696415e-30,3.92290277455379e-28,"ENSMUSG00000033540","Idua"
25.0495857308217,-3.80796629501055,0.333265124688713,-11.4262369894461,3.09220798748189e-30,3.92290277455379e-28,"ENSMUSG00000104487",NA
151.427362558678,-0.99080284821284,0.0867480595119943,-11.421613967928,3.26120627631234e-30,4.11493719502481e-28,"ENSMUSG00000056735","A930024E05Rik"
67.872371708836,-1.02930944637536,0.0902745810307495,-11.4019853055286,4.08691370688808e-30,5.12907670214454e-28,"ENSMUSG00000085956",NA
9.13939613008306,6.48483388170334,0.570779497669028,11.3613644291471,6.51195413607765e-30,8.12879921916901e-28,"ENSMUSG00000100419",NA
30.8694471482878,2.23266992883243,0.197112593650138,11.326876114244,9.65884293227938e-30,1.19928920514999e-27,"ENSMUSG00000057596","Trim30d"
728.718649318909,0.480711585601269,0.0426348214841818,11.2750931953502,1.74194065032473e-29,2.151434952409e-27,"ENSMUSG00000028140","Mrpl9"
595.112965569242,-0.963825313900266,0.0855657461151923,-11.2641490042373,1.97248288136649e-29,2.42335094209148e-27,"ENSMUSG00000002617","Zfp40"
12.5460770980481,-3.21881904626612,0.286046031835066,-11.2528009062614,2.24352439824621e-29,2.74191570828593e-27,"ENSMUSG00000093929",NA
395.880590499378,0.83108894894967,0.0739161550073299,11.2436712768305,2.48815021278706e-29,3.02504637589001e-27,"ENSMUSG00000064036","Mro"
11.9419449350304,4.49195415532119,0.400171870699867,11.2250622400448,3.07170095578779e-29,3.71516660160385e-27,"ENSMUSG00000095344",NA
454.657321725378,-0.92075560763637,0.0821024106091211,-11.2147207469945,3.45274481139839e-29,4.15450629548828e-27,"ENSMUSG00000092981","Mir5125"
17.1607644319118,2.07874048636937,0.185540858854364,11.2036804141401,3.91138943242643e-29,4.68223402672463e-27,"ENSMUSG00000030214","Plbd1"
260.781303695975,-0.790257941919563,0.0708291806887163,-11.1572368088321,6.60114767819988e-29,7.86176480878673e-27,"ENSMUSG00000086477",NA
12.6363188232508,5.12047641971421,0.461308549103837,11.0998949177541,1.25591462308866e-28,1.48816320034308e-26,"ENSMUSG00000090544","Gm6576"
84.2505894987636,-0.958028237721934,0.0865226804732855,-11.0725677068885,1.70445646239894e-28,2.00945086877669e-26,"ENSMUSG00000098620",NA
19.5189954806227,-2.60183736866674,0.235004676355075,-11.0714280627146,1.72627468099367e-28,2.024946225047e-26,"ENSMUSG00000103034","Gm8797"
475.50725182562,0.575727967263342,0.0521501336252102,11.0398176810237,2.45530850594063e-28,2.8657133227086e-26,"ENSMUSG00000001700","Gramd2b"
31.3977709887432,1.63284980383131,0.147981363191114,11.0341584144114,2.61488034097616e-28,3.0367737213635e-26,"ENSMUSG00000094230","Speer8-ps1"
1668.00308760731,0.615778564520737,0.0559142653057191,11.0129062977736,3.3114598079235e-28,3.81913259022614e-26,"ENSMUSG00000035696","Rnf38"
277.190812269365,2.94387926003375,0.267318217543898,11.0126398682511,3.32126939903143e-28,3.81913259022614e-26,"ENSMUSG00000087263",NA
34.1300400145011,1.69566130254598,0.154951121268178,10.9432012409336,7.16252982940168e-28,8.19583008861389e-26,"ENSMUSG00000085534",NA
529.801899968135,1.63882024460679,0.150138882475343,10.9153619474684,9.7340785370008e-28,1.1084029038498e-25,"ENSMUSG00000095348","Gm7819"
1973.47084904837,-0.539003552228595,0.049787100888938,-10.8261686783284,2.58756834747387e-27,2.93211689005255e-25,"ENSMUSG00000062190","Lancl2"
303.360606114632,0.709393743609371,0.0656577150751471,10.804423254715,3.2801179708239e-27,3.69892723637403e-25,"ENSMUSG00000045062","Pcdhb7"
164.818126485761,1.44609282658632,0.133940002926192,10.7965715618447,3.57296788536961e-27,4.00979756481648e-25,"ENSMUSG00000086600",NA
117.038743276524,-1.39459724105301,0.129399411491299,-10.7774620068252,4.39854584741595e-27,4.91269166106366e-25,"ENSMUSG00000035860","Cdhr3"
11.3308847472185,3.78260890409541,0.351155221010894,10.7718999398789,4.6725790470446e-27,5.19390536643629e-25,"ENSMUSG00000048992","Prss32"
813.739176179585,0.521822600312454,0.0486185820760984,10.7329868134717,7.1255100926811e-27,7.88297545466611e-25,"ENSMUSG00000027187","Cat"
28.987356058744,-1.690277979109,0.157663341473417,-10.7208052506866,8.12924741830416e-27,8.9509916266733e-25,"ENSMUSG00000085705",NA
245.440083362279,-1.34863954499602,0.126204091908716,-10.6861792244542,1.18138033159834e-26,1.29469300847418e-24,"ENSMUSG00000019734","Tmc4"
1271.10251785593,0.429699061220665,0.0403292174017934,10.6547830308643,1.65630432617256e-26,1.80668747130122e-24,"ENSMUSG00000020523","Fam114a2"
19.2608376525991,3.33652418268987,0.313327080443318,10.6486939397933,1.76828510468563e-26,1.91986414877566e-24,"ENSMUSG00000020679","Hnf1b"
243.325440821129,1.21923250481894,0.115217283024739,10.5820279111872,3.61057671158847e-26,3.90193019345415e-24,"ENSMUSG00000099895",NA
94.2310913220685,0.903739198672098,0.0855487047742029,10.5640313439862,4.37461579971323e-26,4.70583671026295e-24,"ENSMUSG00000098789","Jmjd7"
40.6953580521576,1.20556010089432,0.114229299954296,10.5538605364531,4.87518666898469e-26,5.22025148688576e-24,"ENSMUSG00000021078","Tomm20l"
127.991731076353,1.17621325941148,0.111551017232771,10.5441733171926,5.40460588737668e-26,5.76071759036684e-24,"ENSMUSG00000097071",NA
157.938637422858,0.864422170945708,0.0821809618020003,10.5185209809101,7.09789977197061e-26,7.53119428986863e-24,"ENSMUSG00000070282",NA
385.152749567168,0.477305888691991,0.045568854316697,10.4743886114578,1.13267115272473e-25,1.19637749855445e-23,"ENSMUSG00000038425","Poli"
1094.88337122499,0.658108857596047,0.0628811907775333,10.4659095901088,1.23880969901474e-25,1.3025916578424e-23,"ENSMUSG00000096255","Dynlt1b"
117.680063407846,-1.00979665641586,0.0968043741883731,-10.4313122716013,1.7840713992009e-25,1.86751473863438e-23,"ENSMUSG00000048647","Exd1"
319.688662703221,0.741970499082676,0.0712620326736404,10.411862688238,2.18896096228584e-25,2.28111230993921e-23,"ENSMUSG00000098488","Pla2g4b"
1757.97294846554,-0.517603649336482,0.0498791768473009,-10.3771489838548,3.15043101206575e-25,3.26846716065115e-23,"ENSMUSG00000058317","Ube2e2"
1561.05083067959,-0.555647683236743,0.0535747964615267,-10.3714380629662,3.34453190654546e-25,3.45448709267658e-23,"ENSMUSG00000073436","Eme2"
179.612313835101,1.72161441319236,0.166167767332102,10.3607001576398,3.74212654639792e-25,3.84812598998091e-23,"ENSMUSG00000026697","Myoc"
806.810131118363,-0.340323686801286,0.0329341143032275,-10.3334701418685,4.97283444060477e-25,5.0912664187297e-23,"ENSMUSG00000029415","Sdad1"
165.352684584873,1.1040422208866,0.107196450058826,10.2992423749176,7.10184093160602e-25,7.23922588936591e-23,"ENSMUSG00000069874","Irgm2"
188.489183006597,-1.04527879794654,0.101549745647591,-10.2932684989087,7.55668291575129e-25,7.66937605662532e-23,"ENSMUSG00000097913",NA
1325.41365743197,0.860205772543748,0.083723461197714,10.2743694567567,9.19436856223394e-25,9.29108854321328e-23,"ENSMUSG00000000579","Dynlt1c"
391.343672780806,0.913483209966749,0.0889222200530684,10.2728340500449,9.3419226864977e-25,9.39950436512568e-23,"ENSMUSG00000035868","Zfp983"
22.7613274421015,1.84736190658774,0.180055432091794,10.2599620857089,1.06748643959805e-24,1.06945647895009e-22,"ENSMUSG00000060441","Trim5"
78.1546688324281,-0.765999720276933,0.0749988603971585,-10.2134847945763,1.72553890289131e-24,1.72133566710221e-22,"ENSMUSG00000019732","Calr3"
21.0100254154105,-2.24028143771119,0.219842199174853,-10.190406783228,2.1884655418101e-24,2.17384472946694e-22,"ENSMUSG00000021799","Opn4"
82.2431675907119,-0.895442210717332,0.0881542756980357,-10.1576719180881,3.06302983885758e-24,3.02967396307002e-22,"ENSMUSG00000104204",NA
1259.30235710379,-0.440831756039053,0.0434022637419062,-10.1568839510419,3.08787857751247e-24,3.04136496349678e-22,"ENSMUSG00000044573","Acp1"
2978.55642910511,0.769978077616643,0.0762174375777512,10.1023873550088,5.39134457564598e-24,5.28782169871025e-22,"ENSMUSG00000027737","Slc7a11"
10.0890778178114,3.3184029387076,0.330938267199795,10.0272566445276,1.15686188935934e-23,1.12990071478306e-21,"ENSMUSG00000056133","Unc93a2"
143.497065983509,0.649622546898279,0.0648162613384136,10.0225241858138,1.21363084358114e-23,1.17808849706457e-21,"ENSMUSG00000027424","Mgme1"
497.875624229493,-0.569783105763169,0.0568514882234012,-10.0223076575265,1.21629322620298e-23,1.17808849706457e-21,"ENSMUSG00000086753",NA
576.740164871505,-0.376902463933038,0.0376461011321291,-10.0117263833032,1.3536937292745e-23,1.30575507117581e-21,"ENSMUSG00000036120","Rfxank"
99.4944691369065,1.23495170893446,0.123517132654714,9.99822196639485,1.55157780556814e-23,1.48635294968741e-21,"ENSMUSG00000033207","Mamdc2"
44.7469422344316,-1.41774628365221,0.141801721895211,-9.99808933702446,1.55365685526166e-23,1.48635294968741e-21,"ENSMUSG00000072672",NA
3085.92096742609,-0.576418491152053,0.0577307993329153,-9.98459224214148,1.7803154488237e-23,1.69624096007721e-21,"ENSMUSG00000008140","Emc10"
4089.0620474633,0.67399633458349,0.0675358143223729,9.97983575597773,1.8677569321145e-23,1.77231910838816e-21,"ENSMUSG00000041638","Gcn1"
47.4243105083061,-1.07321020343966,0.107912865078438,-9.94515531266438,2.64760701814816e-23,2.50214941800132e-21,"ENSMUSG00000097240",NA
43.0595654179728,-1.48885669952143,0.149861544812596,-9.93488156940639,2.93524538429159e-23,2.75170413676782e-21,"ENSMUSG00000048502","Duxbl1"
447.716677533937,0.586263171495752,0.0590086333923356,9.9352101174385,2.92558507143093e-23,2.75170413676782e-21,"ENSMUSG00000072582","Ptrh2"
41.4460889192547,-1.70432637989138,0.171902648426544,-9.91448587611292,3.60105606846564e-23,3.36237807224774e-21,"ENSMUSG00000022483","Col2a1"
142.863605718992,-0.879389805617346,0.0889619708331886,-9.88500813753641,4.83542515633589e-23,4.49694539539238e-21,"ENSMUSG00000009585","Apobec3"
45.4799095479192,-1.38908580389228,0.140710051705925,-9.8719728054352,5.50706754039435e-23,5.10124911092958e-21,"ENSMUSG00000072675",NA
110.337867669023,1.74946135144753,0.177653541250385,9.84760190612717,7.01988959312312e-23,6.47688864712541e-21,"ENSMUSG00000091060","Myocos"
96.9177667374852,-1.10521679520702,0.112942461404951,-9.78566237585622,1.29742952546256e-22,1.19235816586113e-20,"ENSMUSG00000035435","Abca17"
222.743090941756,-0.960762170105771,0.0982045167599142,-9.78327883283206,1.32836051755747e-22,1.21599684554291e-20,"ENSMUSG00000044501","Zfp758"
3781.37974843303,-0.743658546256106,0.0760559400945983,-9.77778389605262,1.4024764096449e-22,1.2788283918102e-20,"ENSMUSG00000009739","Pou6f1"
150.722464204623,1.14908655146648,0.11777352547454,9.75674751041465,1.72602023736604e-22,1.56772336190021e-20,"ENSMUSG00000051678","Pcdhb6"
11.4437580480398,2.40460039370804,0.246606694362854,9.75075068388019,1.83109177578309e-22,1.656712221787e-20,"ENSMUSG00000074417","Pira11"
9.87191926488619,4.27606836831069,0.439257628839917,9.73476176066382,2.14319304033432e-22,1.93160444558008e-20,"ENSMUSG00000086468","Etaa1os"
832.66140698361,0.562812615207704,0.0578213013119081,9.7336552868587,2.16664269786112e-22,1.94522848062201e-20,"ENSMUSG00000002459","Rgs20"
2392.22761095483,1.06361940176995,0.10964130349497,9.70090073599631,2.98848561256308e-22,2.67280535073026e-20,"ENSMUSG00000024384","Iws1"
288.069137325257,0.896474566710142,0.0926459505596528,9.67634916901113,3.80045364660245e-22,3.38603013254355e-20,"ENSMUSG00000087362","Gm13710"
382.638433300769,-1.46431517034485,0.1517409295882,-9.65010016953739,4.91077373325162e-22,4.35863845077158e-20,"ENSMUSG00000006154","Eps8l1"
1535.69495878613,0.801887782678585,0.0831152614332325,9.64790062439678,5.01723119807082e-22,4.43625863093057e-20,"ENSMUSG00000037461","Ints7"
199.39697940365,0.611528883689059,0.0634730856768939,9.63445966377011,5.71920935123159e-22,5.03786807116223e-20,"ENSMUSG00000037001","Zfp39"
6.14957247924745,-5.83914728718794,0.607733381637218,-9.60807397391505,7.39186805633394e-22,6.48678105409787e-20,"ENSMUSG00000093208",NA
28.1731754630297,-1.66135993297135,0.172938861979444,-9.60663158040683,7.49611669556865e-22,6.55362741665389e-20,"ENSMUSG00000068855","H2ac20"
86.0793583202218,-1.11306295071961,0.11610216794284,-9.58692650138624,9.07480015667395e-22,7.90421865885224e-20,"ENSMUSG00000040189","Odad1"
337.584076983812,0.521542081193049,0.0544125574055748,9.58495806961676,9.24952069720861e-22,8.02645210538813e-20,"ENSMUSG00000034442","Trmt5"
1419.64450605188,-0.433929714569125,0.0452986800167483,-9.57930152509273,9.77034316841048e-22,8.44700446593355e-20,"ENSMUSG00000024169","Ift140"
637.173276337808,0.366461486438998,0.0382848594428183,9.57196896559955,1.04888773802806e-21,9.03475515453473e-20,"ENSMUSG00000035505","Cox18"
3627.93473402941,0.839106429961538,0.0881481312070541,9.51927645511318,1.74388993051242e-21,1.49660377382174e-19,"ENSMUSG00000018451","6330403K07Rik"
46.9354537664507,1.25823026470246,0.132277354998694,9.51206096247454,1.86921925026584e-21,1.59828516333171e-19,"ENSMUSG00000100053","Gm28154"
8.28696656340127,2.91327824716917,0.307091709828382,9.48667174635631,2.38528550467933e-21,2.02866201783713e-19,"ENSMUSG00000066487","Gm5786"
239.21700995795,0.868368187595212,0.0915375582497008,9.48646876975278,2.38993297736028e-21,2.02866201783713e-19,"ENSMUSG00000069763","Tmem100"
84.6231560399368,2.39251384291786,0.252334362746812,9.4815221235582,2.50600504585894e-21,2.11948100672048e-19,"ENSMUSG00000086695",NA
3053.74071416265,0.538341872857734,0.0569673642378341,9.45000492931709,3.38814744453925e-21,2.85521753782959e-19,"ENSMUSG00000079056","Kcnip3"
1221.38201218483,0.312946028034788,0.0332855922902314,9.40184645975582,5.36138097700492e-21,4.50182432180669e-19,"ENSMUSG00000024081","Cebpz"
109.795100294458,1.10855067904427,0.118622196989796,9.34522127540456,9.16975319656679e-21,7.67202684112754e-19,"ENSMUSG00000030834","Abcc6"
4313.96018261615,-0.302127045704988,0.0324315757193001,-9.31582998988211,1.21002728586167e-20,1.00877381906675e-18,"ENSMUSG00000014077","Chp1"
795.326528026031,0.60211388288701,0.064695530435815,9.30688532624943,1.31635889299764e-20,1.09351479143217e-18,"ENSMUSG00000095677","Dynlt1f"
7.76748960628091,3.00189338750262,0.323205270010493,9.2878850255293,1.57384470691946e-20,1.30277507069578e-18,"ENSMUSG00000026336","Slco6d1"
7.1587004391146,5.11476655666304,0.552123123907431,9.26381514410287,1.97255155460509e-20,1.62704137594157e-18,"ENSMUSG00000074034","Gm5921"
25.6199893638999,-1.24980373187497,0.135091892660072,-9.25150804585891,2.21347328305949e-20,1.81933474811471e-18,"ENSMUSG00000038045","Sult6b1"
464.365248507879,-0.422619489224774,0.0457905041985628,-9.22941331661596,2.72118237674948e-20,2.22879158668292e-18,"ENSMUSG00000061882","Ccdc62"
16.7583112975834,2.68033614080708,0.291095362886431,9.207759664151,3.33002290358283e-20,2.71792743490679e-18,"ENSMUSG00000101639",NA
29.8196202910257,1.41303441312775,0.153735413678935,9.19133971355988,3.87978722976297e-20,3.15560534161523e-18,"ENSMUSG00000024575","Pde6a"
2012.54548424401,-0.39950826783107,0.0435604790736244,-9.1713469715481,4.67144872306665e-20,3.78630651189392e-18,"ENSMUSG00000023021","Cers5"
502.759851543657,-0.513050124556377,0.0559499432688374,-9.16980598338035,4.73871144288531e-20,3.82753429796788e-18,"ENSMUSG00000022987","Zfp641"
7.64248874285439,3.01480581903867,0.330844301560184,9.11246107253942,8.05339835086664e-20,6.48243026566482e-18,"ENSMUSG00000084020",NA
7.73853934010078,3.91889962297027,0.431773869011046,9.0762778950618,1.12351260101947e-19,9.01242427683761e-18,"ENSMUSG00000083087","Gm11249"
28.1990144532059,-4.00600468404852,0.441605376313217,-9.07145813643171,1.17434772869068e-19,9.38794487357077e-18,"ENSMUSG00000081967",NA
2252.2193897977,1.27965481509708,0.141415544082212,9.04889786622857,1.44418580880846e-19,1.15056755409611e-17,"ENSMUSG00000073888","Ccl27a"
8.11610547565907,-3.02811830171301,0.334751191929624,-9.0458775792787,1.48467745502915e-19,1.17880359975325e-17,"ENSMUSG00000073179",NA
78.4985770604864,-1.27195906825431,0.140672525686339,-9.04198642946408,1.53850191608014e-19,1.21739831278165e-17,"ENSMUSG00000086032",NA
7.31311411949588,4.06050531764169,0.450763438268864,9.00806270631858,2.09728438474976e-19,1.65394964166262e-17,"ENSMUSG00000081434","Gm14165"
19.7549912439618,1.39842643069728,0.155362218639128,9.00107145061771,2.23525414724196e-19,1.7568194464333e-17,"ENSMUSG00000029556","Hnf1a"
698.580558527837,-0.443231702934687,0.0493503517934849,-8.98132813296786,2.67517729572984e-19,2.09552562463831e-17,"ENSMUSG00000001285","Myg1"
148.954797032248,0.738397298189164,0.0823925122450995,8.96194663894451,3.18996224860034e-19,2.49041099562133e-17,"ENSMUSG00000060579","Fhit"
11.3583806927936,2.20164971571608,0.246015006094591,8.94924968466992,3.57906766467433e-19,2.78446970538571e-17,"ENSMUSG00000086886",NA
6.42101064602256,4.9722582478147,0.555627977260125,8.94889827602556,3.59047843602407e-19,2.78446970538571e-17,"ENSMUSG00000089791",NA
714.91851206077,-0.327876674664454,0.0366856647660511,-8.93746036102556,3.98216481091215e-19,3.07800242321597e-17,"ENSMUSG00000022466","Rpap3"
13.1146410882086,2.02163764923504,0.226288501999066,8.93389470245104,4.11268781359972e-19,3.1683984037247e-17,"ENSMUSG00000043501","Lgals2"
8.73061234689317,3.67478914155763,0.411404338435816,8.93230527302993,4.1722232146103e-19,3.203691003245e-17,"ENSMUSG00000079722","Ttll2"
5.51374574637449,4.9494039416841,0.555740921703068,8.90595554222758,5.29281385921039e-19,4.05082471854256e-17,"ENSMUSG00000081640","Rplp0-ps1"
268.906510731437,-0.733116288310103,0.0825311944923118,-8.88289928214231,6.51399366018768e-19,4.96915535979611e-17,"ENSMUSG00000029484","Anxa3"
756.906774255834,-0.553120682463561,0.0622992272751975,-8.8784517345654,6.77974038320149e-19,5.15503191417174e-17,"ENSMUSG00000029413","Naaa"
7.32595911284619,3.3076402001963,0.373063556988853,8.86615735638616,7.57134571869659e-19,5.73824425686801e-17,"ENSMUSG00000059994","Fcrl1"
17.7537503210076,-7.56892870834649,0.85491643072821,-8.85341354581213,8.48824382269532e-19,6.39164759848957e-17,"ENSMUSG00000058207","Serpina3k"
90.92446084155,1.1961520777173,0.135101437044155,8.85373319401745,8.4639575619464e-19,6.39164759848957e-17,"ENSMUSG00000078853","Igtp"
7.4583695914896,2.66642492270008,0.301479747722669,8.84445785443912,9.19737566350187e-19,6.90335498756026e-17,"ENSMUSG00000081977",NA
744.677057484958,0.575260662153845,0.0652327472947342,8.81858707490434,1.15913046878369e-18,8.67230209385181e-17,"ENSMUSG00000020522","Mfap3"
37.6140788506671,1.03653194072336,0.117548735447256,8.81789103710485,1.166356720998e-18,8.69848720072087e-17,"ENSMUSG00000020553","Pctp"
55.8223906800374,-1.26333561882458,0.143844055052299,-8.78267522676036,1.59631605974827e-18,1.18671355995872e-16,"ENSMUSG00000053117","E330013P04Rik"
282.976558840735,0.814973103237348,0.0928903492294494,8.77349595515326,1.73203170501261e-18,1.28351797111459e-16,"ENSMUSG00000070436","Serpinh1"
1229.49471420953,0.675657375356593,0.0770716525633968,8.76661331221382,1.84120797602573e-18,1.36010499317622e-16,"ENSMUSG00000037624","Kcnk2"
232.606652991618,-0.951741737266978,0.108619947946512,-8.76212661909624,1.91600883693313e-18,1.41089571862871e-16,"ENSMUSG00000041548","Hspb8"
1115.73469592084,0.460101885127178,0.0526383325805949,8.74081420460484,2.31436361279165e-18,1.69887389350301e-16,"ENSMUSG00000036964","Trim17"
188.787855005023,0.671273879283422,0.0768403483725166,8.73595569907015,2.41604655308665e-18,1.76795531939503e-16,"ENSMUSG00000086095","Gm15328"
512.596763950902,0.401317387119518,0.0459601599279589,8.73185358250646,2.50532419103324e-18,1.82755570597778e-16,"ENSMUSG00000092607","Scnm1"
56.3169818381696,0.92812765857244,0.10637798519647,8.72480952575177,2.66629034883203e-18,1.9389163742301e-16,"ENSMUSG00000085272","Sbk3"
74.426300451259,0.860630493369421,0.0987130817027113,8.71850496939538,2.81899179322212e-18,2.04359395742807e-16,"ENSMUSG00000058743","Kcnj14"
45.8619104077557,1.13149532406702,0.130054027915976,8.70019438996574,3.31316142979207e-18,2.3944002246327e-16,"ENSMUSG00000045551","Fpr1"
408.820219516049,0.865062024298776,0.0994472075251945,8.69870603535667,3.3568987362901e-18,2.41852120991419e-16,"ENSMUSG00000044906","4930503L19Rik"
6.42497607896341,-3.91707489187447,0.450904149840792,-8.68715644612615,3.716241901798e-18,2.66917645272833e-16,"ENSMUSG00000059460","Or10ad1b"
408.394903951207,-0.405296999364335,0.0466685658555159,-8.68458226505436,3.80136761112724e-18,2.72194245848292e-16,"ENSMUSG00000020491","2810021J22Rik"
430.351569854506,1.46145952293922,0.168292026505942,8.68406871841675,3.81857901336631e-18,2.72590489018379e-16,"ENSMUSG00000078746","Spata31f1b"
822.928681898441,-0.390452380848437,0.045045279998315,-8.66799764288384,4.39785829809408e-18,3.12985384915885e-16,"ENSMUSG00000005804","Bloc1s6"
968.31572784096,1.47616823684505,0.17035331709268,8.66533309734111,4.50194783300067e-18,3.19419356430804e-16,"ENSMUSG00000004626","Stxbp2"
18.1953831432458,-1.47080996022782,0.16985356297474,-8.65928235162516,4.74743562643432e-18,3.35816332811686e-16,"ENSMUSG00000005864","Cnga2"
722.59479280561,-0.255464379466211,0.0295157258430672,-8.65519556674619,4.92067202910533e-18,3.47018873641709e-16,"ENSMUSG00000023156","Rpp14"
88.7880459637413,-0.927036115534877,0.107200059421391,-8.64772016488171,5.25384724950573e-18,3.69399266100037e-16,"ENSMUSG00000057924",NA
89.6408265742366,-0.76854624568737,0.0891667960597627,-8.61919772436663,6.74248414207352e-18,4.72642064049316e-16,"ENSMUSG00000038670","Mybpc2"
812.136916701703,-0.361981394515459,0.0420275998414238,-8.61294472873224,7.1207429327276e-18,4.97663180475031e-16,"ENSMUSG00000050668","Gpatch11"
28.0017131831117,1.13189827381461,0.131956449424702,8.57781698999486,9.66906260886291e-18,6.7374605516026e-16,"ENSMUSG00000055972",NA
392.267993094797,1.73567852908492,0.202773368943074,8.55969666101565,1.13164874271305e-17,7.86192755986627e-16,"ENSMUSG00000094066","Spata31f1b"
256.971430544304,0.868974282668089,0.101668145875568,8.54716366846733,1.26150241801866e-17,8.73805665988414e-16,"ENSMUSG00000035105","Egln3"
34.9719727903444,-1.70201393010655,0.199327599241529,-8.53877705136146,1.35649816494321e-17,9.3682652852868e-16,"ENSMUSG00000055775","Myh8"
506.465079622051,-0.470459218323469,0.0552203334309355,-8.51967362551108,1.60003573006898e-17,1.10175911643069e-15,"ENSMUSG00000052369","Tmem106c"
37.9881538158622,1.87983075393728,0.220761615249086,8.51520655806156,1.66293622284311e-17,1.14170353675961e-15,"ENSMUSG00000094065","Ccl21d"
160.698185831076,-0.751719833437935,0.0883742351981571,-8.50609718717668,1.79886189295983e-17,1.23140273218069e-15,"ENSMUSG00000031521","Aga"
213.085475977733,-0.542460496371262,0.0638035355198748,-8.50204447059655,1.86280419338162e-17,1.27144556392126e-15,"ENSMUSG00000043458","Pcdhb12"
21.4355169158309,1.60944743940478,0.189320553351474,8.50117650151191,1.87678755064618e-17,1.27725515436541e-15,"ENSMUSG00000070390","Nlrp1b"
12.8363610726073,3.09760910992521,0.364641281633297,8.49494905253303,1.98019754325916e-17,1.34371369919472e-15,"ENSMUSG00000046317","BC107364"
3402.86506089214,-0.362590879458699,0.0426989844171318,-8.49179165285297,2.03475550234396e-17,1.37673326641203e-15,"ENSMUSG00000023018","Smarcd1"
397.44768667544,-0.409544147149104,0.0482657137294258,-8.48519819773059,2.1535135717575e-17,1.45287477761663e-15,"ENSMUSG00000040112","Mrps35"
255.123714613738,-0.852713074049186,0.100582342961954,-8.47776109542136,2.29568754927383e-17,1.54432952342072e-15,"ENSMUSG00000032443","Zcwpw2"
244.789307334654,-0.462259858866753,0.0545306698615006,-8.47706180835154,2.30952266911342e-17,1.54917205934237e-15,"ENSMUSG00000020956","Dtd2"
6.21250213300536,4.93443792980696,0.582267163975081,8.47452550152414,2.36039627257504e-17,1.57876017738451e-15,"ENSMUSG00000049620","Prss33"
1215.81062618457,0.33972300224992,0.0401147139806986,8.46878784710716,2.47959825487945e-17,1.65375034467574e-15,"ENSMUSG00000033478","Fhip2a"
583.579312110466,0.390205891944038,0.0461535167888594,8.45452132562575,2.80234577399423e-17,1.86367969807257e-15,"ENSMUSG00000064984","Snord73a"
23.2100904372026,-1.59834357016695,0.189235791122211,-8.44630690995829,3.0066263488439e-17,1.99385451309839e-15,"ENSMUSG00000099759","1700030C10Rik"
19.6087405775845,-1.43586950774708,0.170424060627298,-8.42527459128669,3.59905208095333e-17,2.37996240016129e-15,"ENSMUSG00000064427","Gm22748"
36.0849850857372,1.77115408593576,0.210344205668071,8.42026563227841,3.75631645157855e-17,2.47694053472311e-15,"ENSMUSG00000097516",NA
19.9420570076208,1.86312783049729,0.222283470949257,8.38176506125642,5.21398288290326e-17,3.42845077283411e-15,"ENSMUSG00000096618",NA
10.4512053342228,2.14428618482734,0.257253939651561,8.33528997741172,7.73084884759608e-17,5.06913496206279e-15,"ENSMUSG00000089942","Pira2"
16.2264960982179,-7.43926983693772,0.89255686748744,-8.33478527578794,7.76389621698564e-17,5.07654424070296e-15,"ENSMUSG00000079013","Serpina3j"
848.58060644139,-0.887923942889003,0.106592705933726,-8.33006287917179,8.07994283796003e-17,5.26843870576818e-15,"ENSMUSG00000020953","Coch"
4536.26997744221,0.217367500800047,0.026150829322114,8.31206911729696,9.40476181647299e-17,6.11519094935736e-15,"ENSMUSG00000053838","Nudcd3"
20.4396546319063,1.67817402135999,0.202077707669303,8.30459747745305,1.00158411969668e-16,6.49443836279986e-15,"ENSMUSG00000041567","Serpina12"
601.857464137542,0.446052415016259,0.0538309357663692,8.28617241491331,1.16951211591088e-16,7.5623050752653e-15,"ENSMUSG00000022948","Setd4"
36.0136884378252,2.11199622607803,0.255011355940904,8.28196931970145,1.2115481016514e-16,7.81247716487534e-15,"ENSMUSG00000084010","Gm13302"
15.850383498136,-2.88226767137003,0.348078605012533,-8.28050799406718,1.22650934820129e-16,7.88716465979691e-15,"ENSMUSG00000071178","Serpina1b"
96.937744323008,-1.38631538281867,0.167698362325676,-8.26671986293099,1.37695002470536e-16,8.83025945788384e-15,"ENSMUSG00000021223","Papln"
37.713982834575,-0.981120198920495,0.118723264568428,-8.263925377111,1.40958749935566e-16,9.01479479382442e-15,"ENSMUSG00000103865",NA
126.070092560942,-0.677965746717149,0.0820652815174403,-8.26129800789228,1.44096830880625e-16,9.19030689411593e-15,"ENSMUSG00000043298","Smco3"
29.654410998466,-1.20594442583847,0.146346210351329,-8.24035294759865,1.71703381857383e-16,1.09211772280569e-14,"ENSMUSG00000057003","Myh4"
19.4727727329724,-1.47481376913169,0.179468133859482,-8.21769156125744,2.07457697116983e-16,1.31594701733743e-14,"ENSMUSG00000041479","Syt15"
1829.69690967123,0.375238160844705,0.0457931587732093,8.19419692585681,2.52271757669436e-16,1.59587524099665e-14,"ENSMUSG00000033417","Cacul1"
258.127065720545,-0.489369040353687,0.059795068524362,-8.18410367995993,2.74337815359013e-16,1.73077503349336e-14,"ENSMUSG00000024118","Tedc2"
301.360258193598,-0.440631250973926,0.0540752859426515,-8.14847750303584,3.68534591335385e-16,2.31878786133204e-14,"ENSMUSG00000085185",NA
14653.420044225,0.457278572119469,0.0561756978858739,8.14014937648791,3.94790515750228e-16,2.47731048633268e-14,"ENSMUSG00000032011","Thy1"
36.5556614951722,1.99451082842418,0.245415394162264,8.12708116877726,4.39750925253119e-16,2.75203910138969e-14,"ENSMUSG00000082902",NA
159.564131105519,4.36661050289685,0.53892699905062,8.10241556015773,5.38785374030389e-16,3.36279865935598e-14,"ENSMUSG00000035775","Krt20"
751.400521444684,4.45253312129481,0.550167798819205,8.09304566870514,5.81910345179855e-16,3.62227551667556e-14,"ENSMUSG00000084890","A830036E02Rik"
6.99258072954746,-4.63165887659128,0.574669665981818,-8.05968915842831,7.64886969817644e-16,4.74860546182268e-14,"ENSMUSG00000066366","Serpina1a"
854.674839803946,-0.340914765410924,0.0423352282886871,-8.05274423197155,8.09579712324283e-16,5.01273719490338e-14,"ENSMUSG00000037773","Pced1a"
3385.01496438613,0.904669482650492,0.11235622887081,8.05179643124818,8.15875291562588e-16,5.03835368543532e-14,"ENSMUSG00000095779",NA
26.3059519331466,1.37849783388787,0.171214163710422,8.05130722840986,8.19143572604016e-16,5.04518955548695e-14,"ENSMUSG00000052469","Tcp10c"
42.9165127417833,2.83645933601681,0.35279829465239,8.03988958850143,8.99194564999215e-16,5.5236575607307e-14,"ENSMUSG00000047497","Adamts12"
163.650921175864,1.58321535962874,0.196936989842407,8.03919751640188,9.04287177231528e-16,5.54036104412482e-14,"ENSMUSG00000089736","Tgfbr3l"
985.886635517702,0.458535844178962,0.0571337094813371,8.02566205383082,1.00979856148388e-15,6.17060937715134e-14,"ENSMUSG00000092074","Dynlt1a"
114.551811359594,-0.818189476145574,0.102101615270861,-8.01348219589901,1.11505413518285e-15,6.79600748761703e-14,"ENSMUSG00000028441","Spmip6"
7.08124981721883,-3.90758431497221,0.488420577078277,-8.00044981386188,1.23965511998148e-15,7.53574725669991e-14,"ENSMUSG00000079015","Serpina1c"
9.34165690584798,-2.68657376611642,0.336325488105004,-7.98801714747723,1.37126381450091e-15,8.31413278490772e-14,"ENSMUSG00000042200","Cdrt4"
1254.1321210567,0.564427480151766,0.0706897960256991,7.98456795584145,1.41015321363392e-15,8.52777369581775e-14,"ENSMUSG00000021182","Ccdc88c"
517.774561542069,-0.524629117792872,0.0659013192202295,-7.96082876641152,1.70890745855964e-15,1.03077588643818e-13,"ENSMUSG00000025815","Dhtkd1"
1962.64124484605,-0.263074680734986,0.0330483346240417,-7.96030068467072,1.71621704134113e-15,1.03251686587696e-13,"ENSMUSG00000030754","Copb1"
32.6016106636243,1.09194246492376,0.137825903008761,7.92262151806367,2.32554629506188e-15,1.39550712508045e-13,"ENSMUSG00000082762","Gm12366"
16.2560814068226,-1.41297603677348,0.178492956103108,-7.91614452257299,2.44988830974869e-15,1.46635237985804e-13,"ENSMUSG00000104466",NA
418.405052571334,-0.350054380569067,0.0442314248956276,-7.9141556347119,2.4893673710744e-15,1.48617142053682e-13,"ENSMUSG00000071078","Nr2c2ap"
445.646596435157,1.32703433440058,0.167819458111057,7.90751173515525,2.62584389032601e-15,1.56364984520102e-13,"ENSMUSG00000093996","Spata31f1d"
219.451949176281,0.621791250574581,0.0787645285431154,7.89430549608654,2.91936285695816e-15,1.73401239618256e-13,"ENSMUSG00000085316","D330050G23Rik"
975.436021783271,-0.293232502707677,0.0371625274771133,-7.89054250651453,3.00875713139383e-15,1.78257405375955e-13,"ENSMUSG00000029397","Rchy1"
277.373740718755,0.835551357793653,0.105950745943232,7.88622439941424,3.11466324642135e-15,1.84064770028389e-13,"ENSMUSG00000020520","Galnt10"
41.8123270731169,1.54320971344885,0.196290662970203,7.86186000952634,3.78470877629956e-15,2.23097113548385e-13,"ENSMUSG00000086020",NA
357.980090755609,-0.463148102876509,0.0591169743980613,-7.83443516168341,4.70955025419574e-15,2.76914437238517e-13,"ENSMUSG00000097801",NA
943.612179442511,0.477590433612892,0.0610607594482305,7.82156065415155,5.21724220929468e-15,3.05995188169763e-13,"ENSMUSG00000086119",NA
788.002673281069,-0.521790051790742,0.0668709110624421,-7.80294515957035,6.04788363628907e-15,3.53823929127558e-13,"ENSMUSG00000043456","Zfp536"
739.725391933974,-0.298580419849792,0.0382781643175933,-7.80028052997721,6.17697060091011e-15,3.60472561842612e-13,"ENSMUSG00000029781","Fkbp9"
1669.51852587941,0.522625387151293,0.0670172281974331,7.79837366015252,6.2710092258373e-15,3.65047801393317e-13,"ENSMUSG00000041258","Zfp236"
3054.58546745827,-0.257834571225921,0.0330665380907803,-7.79744678799052,6.31722613007547e-15,3.66823406851621e-13,"ENSMUSG00000037905","Bri3bp"
321.209474640548,-0.560554663352209,0.0719479921302397,-7.79110919923238,6.6423475423327e-15,3.84745207644348e-13,"ENSMUSG00000072647","Adam1a"
6.68056410566098,2.89330045655686,0.372539861183384,7.76641846423147,8.07365104650197e-15,4.66493159352711e-13,"ENSMUSG00000030427","Lilra6"
3836.23251336068,-0.685983973727822,0.0883326350336182,-7.76591769810496,8.10561747457238e-15,4.67183774589983e-13,"ENSMUSG00000023032","Slc4a8"
3076.12758118991,-0.48620898961108,0.0627050697549528,-7.75390238000137,8.91108400983759e-15,5.12343433600096e-13,"ENSMUSG00000087178",NA
710.438056966456,0.464314003927241,0.0599780735010384,7.74139576055577,9.83312963076302e-15,5.63967432360937e-13,"ENSMUSG00000027427","Polr3f"
30.542111510194,-0.947510740091649,0.122626599194136,-7.72679619526591,1.10287001747169e-14,6.30987618084356e-13,"ENSMUSG00000029431","B3gnt4"
104.336681600222,-0.688665357377772,0.0892153805861758,-7.71913265238577,1.17123960504467e-14,6.6846567483026e-13,"ENSMUSG00000085927",NA
633.133661642478,-0.568919097015055,0.0737260218923157,-7.71666614327868,1.19411891647774e-14,6.79861411398536e-13,"ENSMUSG00000071073","Lrrc73"
1761.66039988478,-0.249438512738437,0.0324318712437977,-7.69115389190317,1.458139177413e-14,8.28159192660622e-13,"ENSMUSG00000022967","Ifnar1"
3737.67016320303,-0.341514468657878,0.0445109781211317,-7.6725896188685,1.68558109838716e-14,9.55012611156588e-13,"ENSMUSG00000037788","Vopp1"
559.868260066061,1.07733567331253,0.140568339661485,7.66414169724817,1.80031050236029e-14,1.01754595778683e-12,"ENSMUSG00000037617","Spag1"
144.751308897658,-0.550741720325431,0.0718703098543251,-7.66299354269847,1.81648482077505e-14,1.02420785438048e-12,"ENSMUSG00000088634","Gm24958"
8.20537424666431,2.20870359326815,0.290213798724658,7.61060846511876,2.72808509646744e-14,1.53449856402023e-12,"ENSMUSG00000063953","Amd2"
43.3486933055563,0.967537823300039,0.127263608317293,7.60262761753364,2.90177585246762e-14,1.62827292606134e-12,"ENSMUSG00000103856","Gm2474"
1735.60473063941,-0.37146634695712,0.048899978633035,-7.59645213231588,3.04359809090111e-14,1.70375803923033e-12,"ENSMUSG00000033460","Armcx1"
386.275401476733,-0.521917856516527,0.0688780638100457,-7.5774176515166,3.52500613998966e-14,1.96852196951623e-12,"ENSMUSG00000021094","Dhrs7"
148.680592979121,-0.751678336385447,0.0992628231012891,-7.57260687234761,3.65808048987817e-14,2.03796116647318e-12,"ENSMUSG00000027209","Fam227b"
946.70467303101,-0.545133971255477,0.0720507795671535,-7.56596909194293,3.84983589854348e-14,2.13968379475477e-12,"ENSMUSG00000030630","Fah"
496.078793381992,0.805003149935581,0.106592517112045,7.55215442646318,4.28116428726389e-14,2.3737581462613e-12,"ENSMUSG00000074829","2010315B03Rik"
6.98015865028099,2.45517302052358,0.325184244711675,7.55009832256929,4.34929771351399e-14,2.40582124470514e-12,"ENSMUSG00000014543","Klra17"
110.15766686436,0.577150157334107,0.0766308345210485,7.53156560203685,5.01355116424544e-14,2.76669798645346e-12,"ENSMUSG00000087654",NA
679.647612823367,0.557018720629319,0.0740285712695714,7.52437486063269,5.2973161173155e-14,2.91639740864376e-12,"ENSMUSG00000078851","H2ac25"
5.17530029146398,3.39781988504639,0.45390144860938,7.48580974010175,7.11073446329205e-14,3.90554999003826e-12,"ENSMUSG00000044814","Or55b3"
499.918646198463,-0.440956578864869,0.0589945884782001,-7.47452588855353,7.74826924787093e-14,4.24572415617491e-12,"ENSMUSG00000045975","C2cd2"
293.461961256782,-0.815795641485402,0.109309298937285,-7.46318610965984,8.44549224010658e-14,4.61693502015943e-12,"ENSMUSG00000001773","Folh1"
784.836295219948,-0.378646033398209,0.0508185419497561,-7.4509424881291,9.26757587874649e-14,5.05450990041073e-12,"ENSMUSG00000073471","Rsph3a"
97.2196549811627,-0.882060572457512,0.118660033677576,-7.43351021502532,1.05753021145261e-13,5.75429550721174e-12,"ENSMUSG00000073164","2410018L13Rik"
700.144123866905,0.294658454151201,0.0396647812014926,7.42871749763019,1.09655658779608e-13,5.95277219277298e-12,"ENSMUSG00000072915","Gm12258"
632.046502694253,-1.45231982501465,0.196014004368225,-7.40926562719659,1.27000704729807e-13,6.87836995477468e-12,"ENSMUSG00000040364","Sec1"
1281.82558895423,-0.348424804492756,0.0470715618159016,-7.40202345219511,1.34124805286333e-13,7.24739659675664e-12,"ENSMUSG00000034064","Poglut1"
226.441324882498,0.502814917307739,0.0680241805743311,7.39170855220087,1.44953981563766e-13,7.81445910310161e-12,"ENSMUSG00000097276","4930525G20Rik"
5.42358363316446,3.45038001808389,0.467304009451362,7.38358744692734,1.54080385734816e-13,8.28732360416545e-12,"ENSMUSG00000072707","Or2t1"
80.5092430733128,0.986868607148809,0.133688597015622,7.38184579073332,1.56109949112244e-13,8.37718285546461e-12,"ENSMUSG00000057072","Spata45"
39.7204273670938,-3.30035170006526,0.44732087207943,-7.37804092333795,1.6063559894746e-13,8.60026785832695e-12,"ENSMUSG00000041481","Serpina3g"
98.8833192397301,-1.43866742733177,0.195338369336892,-7.36500172605907,1.7714457561855e-13,9.46243896719406e-12,"ENSMUSG00000030732","Chrdl2"
29.2147098731162,1.22345139344018,0.166575496812938,7.34472606624793,2.06180932135185e-13,1.09883139242731e-11,"ENSMUSG00000058818","Pirb"
8.24960847166048,-2.17163118390037,0.296043913453347,-7.33550356961685,2.20889352799834e-13,1.17453762241606e-11,"ENSMUSG00000043747","Grep1"
10.4108503650742,2.11946458238965,0.289191121284246,7.32894071220957,2.31978975456344e-13,1.23070118729033e-11,"ENSMUSG00000046000","Naa11"
64.2913850036726,-1.4779810798033,0.201816123471441,-7.32340436621481,2.41757901930681e-13,1.27967226865485e-11,"ENSMUSG00000097068","Gm26760"
133.273922163688,0.633694861845966,0.0866514302196118,7.31314947993256,2.60952440449869e-13,1.37814769624916e-11,"ENSMUSG00000047992","Dipk1c"
399.785252001791,-1.05426515666838,0.144262106595162,-7.30798392974341,2.71180213990833e-13,1.42892996279639e-11,"ENSMUSG00000040483","Xaf1"
1621.96515042619,-0.323110973139774,0.0443165297952315,-7.29098091914547,3.07706349859371e-13,1.616769369427e-11,"ENSMUSG00000038002","Cramp1"
180.103020987672,-0.83891504474125,0.115065527098318,-7.29075915173481,3.08213327076647e-13,1.616769369427e-11,"ENSMUSG00000082305","Gm2420"
21.7574703734123,-1.48474326425009,0.204034041063199,-7.27693896819006,3.41479648661828e-13,1.78325714512596e-11,"ENSMUSG00000025479","Cyp2e1"
2453.04464103369,0.337575707973883,0.0463892544901847,7.27702377811028,3.41265126436851e-13,1.78325714512596e-11,"ENSMUSG00000057130","Txnl4a"
44.9163582066447,-0.68557554269469,0.094311764016492,-7.26924737167259,3.61495888412542e-13,1.88357109893169e-11,"ENSMUSG00000089389",NA
209.970567832083,0.540195184864336,0.0743329022463111,7.26724194185684,3.66901332783842e-13,1.90747835438156e-11,"ENSMUSG00000096795","Zfp433"
10.1175331977984,2.66819610917051,0.367301978252825,7.26431183916442,3.74942134950825e-13,1.94494983470158e-11,"ENSMUSG00000027377","Mall"
2554.00364564168,-0.650448851719561,0.0896688236281333,-7.25390191820789,4.049333983059e-13,2.09586703251765e-11,"ENSMUSG00000020674","Pxdn"
3083.74521402605,0.337067358600941,0.0465448445149225,7.2417764440673,4.42845393970198e-13,2.28702213085096e-11,"ENSMUSG00000062202","Btbd9"
45.8439751233286,0.882589715957823,0.122019939279091,7.23315977021685,4.71883691295838e-13,2.43160728607478e-11,"ENSMUSG00000104514","Gm37164"
1164.95155815062,1.72001879597746,0.23800008473805,7.22696715789226,4.93899479985153e-13,2.53944836151837e-11,"ENSMUSG00000035299","Mid1"
9517.21987199166,0.19412427133536,0.026864980343357,7.22592270138628,4.97710800005192e-13,2.55342048451016e-11,"ENSMUSG00000000538","Tom1l2"
21.0777757748717,1.14672598864994,0.158947140355142,7.21451160485027,5.41278914149754e-13,2.77084949407844e-11,"ENSMUSG00000103181",NA
44.4841578937566,0.88110451144167,0.122219913421437,7.20917309443234,5.62926673720174e-13,2.87536046928885e-11,"ENSMUSG00000103669",NA
436.153839733071,3.50955160980473,0.487215562284699,7.20328306704203,5.87797673420351e-13,2.99584303289329e-11,"ENSMUSG00000020912","Krt12"
34.6933342107098,1.00319230234196,0.139278682077295,7.20276992415264,5.90014848807545e-13,3.00059185527549e-11,"ENSMUSG00000070594","Cfhr4"
257.748512551841,0.389707336976473,0.0541097887749747,7.20215964244734,5.92662429982462e-13,3.00750415284361e-11,"ENSMUSG00000016984","Etaa1"
248.579618459339,0.676522803553464,0.0940068252438516,7.1965285690542,6.1764851881893e-13,3.12749877978097e-11,"ENSMUSG00000045679","Slc66a3"
5.94610129898019,2.2219863892949,0.308996411329705,7.19097797845941,6.43288583750678e-13,3.25027822737924e-11,"ENSMUSG00000035177","Nlrp2"
579.480105415838,0.455961424884646,0.0634645796357623,7.18450240278141,6.74523958827081e-13,3.40073709954656e-11,"ENSMUSG00000030737","Slco2b1"
5.70565403524653,-4.13297289335022,0.575749019772568,-7.17842801535785,7.05175023208528e-13,3.54760788076652e-11,"ENSMUSG00000071177","Serpina1d"
928.781883383316,-0.274631607225215,0.0382676610899338,-7.17659766505708,7.14676040716701e-13,3.57997485374462e-11,"ENSMUSG00000020593","Lpin1"
2501.10773135595,0.614718997446785,0.0856541374232044,7.176757783568,7.13839903719238e-13,3.57997485374462e-11,"ENSMUSG00000074733","Zfp950"
1444.87286729552,-0.238480340982067,0.033239486111815,-7.17460974516388,7.25137339552964e-13,3.6245997681338e-11,"ENSMUSG00000029454","Mapkapk5"
166.610445720871,0.661136840478918,0.0922209390082164,7.16905344479321,7.55180736828663e-13,3.76670597004091e-11,"ENSMUSG00000074890","Lcmt2"
20.4248771970042,-1.29141434140001,0.180170269280354,-7.16774386006222,7.62437789885904e-13,3.794794313285e-11,"ENSMUSG00000033882","Rbm46"
399.694404378457,1.02746623162241,0.143510755709492,7.15950680172221,8.09678279264207e-13,4.02134469635412e-11,"ENSMUSG00000091542",NA
114.341153858921,-0.953263234066941,0.133301774628727,-7.15116686722272,8.60433170647826e-13,4.26435063745906e-11,"ENSMUSG00000100214",NA
450.020585489792,-0.562362880751453,0.0789043440309946,-7.12714727760172,1.02470433428709e-12,5.06772738882704e-11,"ENSMUSG00000044562","Rasip1"
61.6137738753913,0.706188135176481,0.0991323457507708,7.12369035382168,1.05074962593453e-12,5.18554936959612e-11,"ENSMUSG00000091549",NA
4.61600223791357,-3.55147129667508,0.498705766888907,-7.12137603467138,1.0685481733974e-12,5.26226160582604e-11,"ENSMUSG00000086384",NA
533.859270967107,-0.389598235462312,0.0547578260082402,-7.11493249209133,1.11967626613602e-12,5.50244275377118e-11,"ENSMUSG00000040370","Etfrf1"
38.181652065233,-1.0807956288235,0.152093701761357,-7.10611692862424,1.19353307052639e-12,5.85307614817174e-11,"ENSMUSG00000023047","Amhr2"
109.267451421106,-0.604078222362568,0.0851402322390374,-7.09509718820797,1.29260614910179e-12,6.32564053217677e-11,"ENSMUSG00000097383","1500026H17Rik"
869.975581866413,-0.423992512749659,0.0597706558267026,-7.09365669299283,1.30613911861815e-12,6.37849486315971e-11,"ENSMUSG00000032667","Pon2"
140.001798057761,-0.667330693876739,0.0940918683093735,-7.09233120637545,1.31871437920441e-12,6.42646132646524e-11,"ENSMUSG00000031613","Hpgd"
14.1710375739515,-1.92242288288853,0.271518777893327,-7.08025757114967,1.43886771891922e-12,6.99739357556903e-11,"ENSMUSG00000038903","Ccdc68"
19.8113062117688,1.93173378666987,0.273080486384807,7.07386240680634,1.50679695355256e-12,7.31250754402857e-11,"ENSMUSG00000057068","Fam47e"
10.2912399604711,2.018952841458,0.285596366695712,7.06925254272963,1.55770438779799e-12,7.5438783245578e-11,"ENSMUSG00000097934","6720483E21Rik"
26.6846249903945,-1.15886009313426,0.164038911959235,-7.06454388957565,1.6114440699619e-12,7.78797907352396e-11,"ENSMUSG00000071083",NA
1675.31960270639,0.24054271670326,0.0340661930144494,7.06103897788732,1.65262225760383e-12,7.9704878841418e-11,"ENSMUSG00000060475","Wtap"
504.324786582587,0.556495080401277,0.0788486543285645,7.0577625596798,1.69204854612745e-12,8.143812208712e-11,"ENSMUSG00000034845","Plvap"
243.480282444737,-1.07893911963557,0.153732950815502,-7.01826845781699,2.24634628063269e-12,1.07893953145697e-10,"ENSMUSG00000063171","Rps4l"
2004.86428420051,-0.316091839338603,0.0450575933710305,-7.01528456559405,2.29481409291969e-12,1.09876836906133e-10,"ENSMUSG00000004530","Coro1c"
899.577591245418,-0.593824784480588,0.0846489223821653,-7.01514877885441,2.2970439279524e-12,1.09876836906133e-10,"ENSMUSG00000098598",NA
580.255409311164,-1.39740395312986,0.199301484866884,-7.01150798782662,2.35763029151781e-12,1.12544302443559e-10,"ENSMUSG00000070564","Ntn5"
4.13983379836272,3.60234522684782,0.514259876310601,7.00491209365144,2.47140956282656e-12,1.17734925357266e-10,"ENSMUSG00000086028",NA
1166.26083411602,-0.391767140026993,0.0559710392743959,-6.99946159845932,2.56947994125327e-12,1.22157576921945e-10,"ENSMUSG00000007721","Ccdc124"
144.77665882367,-0.535454398740944,0.0765630342082437,-6.99364130847482,2.67841821339462e-12,1.27077878770875e-10,"ENSMUSG00000047515","BC049715"
901.369553531029,-0.375489851163202,0.0537671889595636,-6.98362437072161,2.87660554838428e-12,1.36204063521165e-10,"ENSMUSG00000087431",NA
72.2872520493751,-1.35087658316222,0.193456916674747,-6.98282907833898,2.8929429625308e-12,1.36700339219345e-10,"ENSMUSG00000018566","Slc2a4"
200.367550154595,-0.401883066046625,0.0577102078179551,-6.96381249075297,3.31185356511541e-12,1.56178985394927e-10,"ENSMUSG00000041949","Tango6"
17.1512427157719,-7.51832297480025,1.0797083402519,-6.96329063554902,3.32415037659149e-12,1.56442827098337e-10,"ENSMUSG00000091157","Serpina3l-ps"
2979.17328385234,-0.324597299814923,0.0466556829712138,-6.9572939274128,3.46870785536794e-12,1.62917600538941e-10,"ENSMUSG00000021772","Nkiras1"
36.6261529850924,0.914034253678742,0.131500948584099,6.95078068653009,3.63270240659637e-12,1.70277454371846e-10,"ENSMUSG00000099047","Mir7029"
1888.95046625731,-0.246909221777377,0.0356548431848515,-6.92498408974298,4.36024522948588e-12,2.03970349482743e-10,"ENSMUSG00000024983","Vti1a"
372.31194148511,0.499554527776955,0.0721673917569391,6.92216409122091,4.44795581408533e-12,2.07657265136388e-10,"ENSMUSG00000062054","Iah1"
434.532937114694,0.618935492463651,0.0895059041440892,6.91502419178147,4.67783538231473e-12,2.1795351562749e-10,"ENSMUSG00000025925","Terf1"
182.907056429704,0.582120033264391,0.0842225260594829,6.91169050015507,4.78911841743899e-12,2.22694006410913e-10,"ENSMUSG00000068854","H2bc21"
9.85788124070287,-2.41411996872623,0.35079077470349,-6.88193687752133,5.90441776781075e-12,2.74009590365818e-10,"ENSMUSG00000088118",NA
730.733066078182,-0.256343591153288,0.0372837635744884,-6.87547518214315,6.17835629928716e-12,2.86153514075913e-10,"ENSMUSG00000027341","Tmem230"
165.456779424564,0.445088727483735,0.064757810678938,6.87312808782921,6.28091209482887e-12,2.90327388177406e-10,"ENSMUSG00000047227","Gm527"
8821.03977933472,-0.324674538698931,0.0472673376655799,-6.86889837113375,6.46995761361394e-12,2.98474744218558e-10,"ENSMUSG00000024381","Bin1"
529.731485301194,-0.557796959082827,0.0812253518679417,-6.86727661075212,6.54391093824557e-12,3.01290952724786e-10,"ENSMUSG00000002365","Snx9"
616.916229763045,-0.357499533023389,0.052284080191435,-6.83763646055217,8.0510386867329e-12,3.69951567055918e-10,"ENSMUSG00000090151",NA
17.0072840619225,-3.1211112681773,0.457965338722828,-6.81516919354954,9.41528895139856e-12,4.31789960692528e-10,"ENSMUSG00000041449",NA
96.5992949202823,0.760726006107687,0.111898870649083,6.79833497599219,1.05835148810528e-11,4.84413701702776e-10,"ENSMUSG00000104507",NA
10.0759983859225,1.65394798270014,0.244908174851314,6.75333922072737,1.44480597930662e-11,6.60002073873862e-10,"ENSMUSG00000103706",NA
660.276697015303,0.367409493072265,0.0544622959944871,6.74612567030695,1.51845114450123e-11,6.92289161447114e-10,"ENSMUSG00000026209","Dnpep"
976.671190888057,-0.270328483212608,0.0401627413819153,-6.73082747619247,1.6870090235137e-11,7.67638433447959e-10,"ENSMUSG00000024151","Msh2"
336.014032957286,0.696087569004941,0.103465138329284,6.72774985125521,1.72306805511997e-11,7.82520965188046e-10,"ENSMUSG00000097316","Gm10516"
206.950681843075,0.554942581933091,0.0824995072091285,6.72661693028498,1.73653109410156e-11,7.87103792808014e-10,"ENSMUSG00000097160",NA
131.868315411313,-0.540073081868393,0.0803655240601106,-6.72020854943269,1.81464651712954e-11,8.2091654359215e-10,"ENSMUSG00000057143","Trim12c"
862.4516296331,0.219080550562197,0.032605735674862,6.71908012586575,1.82875334019707e-11,8.25698050681242e-10,"ENSMUSG00000044795","Cyb5d1"
670.135692218643,0.519775716786066,0.0774057227370612,6.71495205272725,1.88128069982516e-11,8.47774814208856e-10,"ENSMUSG00000026003","Acadl"
582.493633581885,0.279537988379164,0.0416474454107155,6.71200803848683,1.91964116829057e-11,8.63394678061789e-10,"ENSMUSG00000029446","Psph"
2188.16770829317,0.335095171910213,0.049979219417683,6.7046899854473,2.01834402958182e-11,9.06042397740929e-10,"ENSMUSG00000030216","Wbp11"
25.4757931796001,-0.933293372809604,0.139280258858802,-6.70083025732847,2.07238659907323e-11,9.28516705991678e-10,"ENSMUSG00000020649","Rrm2"
1178.8004302954,0.267614772670411,0.039957389185214,6.69750396928938,2.12009473137855e-11,9.48072247405547e-10,"ENSMUSG00000049755","Zfp672"
128.701866834893,-1.18566416525505,0.177188105369725,-6.69155620114009,2.20809666369803e-11,9.85537292938873e-10,"ENSMUSG00000056880","Gadl1"
19.314221236861,-2.00854953999971,0.300212540029514,-6.69042518944164,2.22523094654741e-11,9.91289427199544e-10,"ENSMUSG00000067768","Xlr4b"
565.876743190888,-0.493428654803184,0.0738126945388081,-6.68487524925345,2.31121442861854e-11,1.02763196966176e-09,"ENSMUSG00000042447","Mios"
59.1254974134371,0.897993943830567,0.134430046802596,6.6800091585866,2.38927317588402e-11,1.06031946282625e-09,"ENSMUSG00000027355","Tmco5"
104.000843784444,-1.44613582269378,0.216873259482394,-6.66811494485416,2.59109822602743e-11,1.14770409658744e-09,"ENSMUSG00000096019",NA
65.020374835278,-0.597697107187264,0.089761317716592,-6.65873811115834,2.76188558479679e-11,1.22103589405135e-09,"ENSMUSG00000092526","Gm17907"
2729.76875490367,-0.616800036244691,0.0926408616767043,-6.65796955124602,2.77636272846634e-11,1.22511597675973e-09,"ENSMUSG00000033316","Galnt9"
77.0067754338453,0.550844247955457,0.0829020218798259,6.64452127300292,3.04204172541143e-11,1.33981849049583e-09,"ENSMUSG00000019773","Fbxo5"
17.8128106652571,1.166525199819,0.175652351078118,6.64110211254846,3.1134623812337e-11,1.36869213493669e-09,"ENSMUSG00000100969","1700030N03Rik"
671.748191487563,0.507766480507431,0.076500060609127,6.63746507472507,3.19123540724841e-11,1.40024451337218e-09,"ENSMUSG00000033767","Tmem131l"
877.866261974408,-0.320482148348964,0.0482998638679958,-6.63525986791279,3.23931324238588e-11,1.41867333990645e-09,"ENSMUSG00000034109","Golim4"
200.303721819783,-1.00075851871242,0.15092045934978,-6.63103281704842,3.33346105640817e-11,1.45717193707371e-09,"ENSMUSG00000005540","Fcer2a"
795.116833215243,-0.402473067249677,0.060707121999341,-6.62975041468851,3.3625493638363e-11,1.46713999626226e-09,"ENSMUSG00000063450","Syne2"
3.97190386720472,-3.45194691102419,0.520769569804566,-6.62854957581264,3.39001272504484e-11,1.47636319105824e-09,"ENSMUSG00000063232","Serpina11"
85.6227308269465,-0.573791900690388,0.0866018404836459,-6.62563171274338,3.45766264790989e-11,1.50302084152999e-09,"ENSMUSG00000097732",NA
9.42634792252585,-1.63351163170614,0.246618139535778,-6.62364753371745,3.50441814698445e-11,1.52051362091186e-09,"ENSMUSG00000093675",NA
123.145764501449,0.908293722400311,0.137176077276012,6.62137116352099,3.55882124182462e-11,1.54125351109299e-09,"ENSMUSG00000025776","Crispld1"
79.9318491592237,-0.617579184468553,0.0933706867758232,-6.61427269943209,3.73382884065248e-11,1.61405123383983e-09,"ENSMUSG00000088151","Gm26347"
111.108496933582,-0.989924797258611,0.14980300055952,-6.60817736334521,3.89080382836484e-11,1.67879914538855e-09,"ENSMUSG00000078865",NA
2993.7275589707,-0.359798972324149,0.0544612522760422,-6.60651302141334,3.93477675572313e-11,1.69464010717426e-09,"ENSMUSG00000043419","Rnf227"
682.51905771507,0.347794715481407,0.0527375908862964,6.59481613847818,4.2578319766241e-11,1.83039727127691e-09,"ENSMUSG00000042632","Pla2g6"
300.977170334768,0.849228939807294,0.128795916330976,6.5936014432707,4.29283189329204e-11,1.84205100891757e-09,"ENSMUSG00000033170","Card10"
134.251704761802,-0.56295693412231,0.0853987516653778,-6.59209793051978,4.33654374962857e-11,1.85739340821247e-09,"ENSMUSG00000012483","Rpa3"
80.919403266071,-1.20512931422491,0.183081054317959,-6.58249057344809,4.6263214522348e-11,1.97787951757357e-09,"ENSMUSG00000068762","Gstm6"
2216.59388379017,0.648768042256849,0.0985926845251933,6.58028580296006,4.69544817730121e-11,2.00376319566256e-09,"ENSMUSG00000027210","Meis2"
47.1825653231602,1.07616983173742,0.163765441581158,6.57140982460634,4.98410677330516e-11,2.12306577389165e-09,"ENSMUSG00000045693","Nlrp4e"
287.241771574637,-0.448152464031869,0.0682538823274326,-6.56596297162935,5.16976626007498e-11,2.19813941364172e-09,"ENSMUSG00000024132","Eci1"
6.43650602560599,4.1509783225671,0.632725338632532,6.5604742992249,5.36368989785847e-11,2.27644751428564e-09,"ENSMUSG00000031494","Cd209a"
107188.302039858,-0.305887387446048,0.046661671554867,-6.55543141197527,5.54812453632121e-11,2.35045138024221e-09,"ENSMUSG00000024617","Camk2a"
2160.25374740606,0.335726575604615,0.0512332769437696,6.55290068548782,5.64300482524138e-11,2.38631633397843e-09,"ENSMUSG00000024571","Txnl4a"
677.24594984572,0.46906322811919,0.0716999033515164,6.5420343151588,6.06875726469285e-11,2.56171791735489e-09,"ENSMUSG00000036918","Ttc7"
413.06700963372,0.42853336052833,0.0655314144579045,6.5393577122253,6.17835902096236e-11,2.60327499325495e-09,"ENSMUSG00000056598","Drc3"
601.908645374,-0.317885705944843,0.0486402253006748,-6.53544887960116,6.34190416824935e-11,2.6673706126026e-09,"ENSMUSG00000103104",NA
1008.08053559143,-0.46529421359056,0.0712331934551632,-6.53198587654831,6.49032775528714e-11,2.72488706459834e-09,"ENSMUSG00000020937","Plcd3"
567.04674962485,-0.255540047394971,0.0392707681140488,-6.50713137702937,7.6599418895192e-11,3.21016200228091e-09,"ENSMUSG00000067722","Uqcc4"
587.077744245616,0.596481797982635,0.091740940028167,6.5018060399152,7.93613848330567e-11,3.31995126551621e-09,"ENSMUSG00000025915","Sgk3"
151.365279060362,-0.46699667531957,0.0718422842290324,-6.50030382985583,8.01579535558817e-11,3.34727568847039e-09,"ENSMUSG00000103985",NA
1076.38778510347,0.962564858685451,0.148407348228472,6.48596494833658,8.81656634155773e-11,3.67509121626754e-09,"ENSMUSG00000026632","Tatdn3"
6.74309260608427,2.41592068655429,0.372826106374952,6.48002016287076,9.17103619076188e-11,3.81603382889402e-09,"ENSMUSG00000051663","Pcdhb1"
63.9047545558176,0.696835416375304,0.107559594905855,6.47859837130507,9.25785658712255e-11,3.84530509454095e-09,"ENSMUSG00000072662","Mansc4"
21.8236303195574,-0.955034420767797,0.147665397645226,-6.46755730182854,9.95997774649215e-11,4.1295872208946e-09,"ENSMUSG00000081219",NA
22.928083402263,-1.03709237658245,0.160376879739252,-6.46659529895211,1.00235622934608e-10,4.14858181943716e-09,"ENSMUSG00000085477",NA
11.3459122619306,1.39861335635401,0.216714485242305,6.45371422584069,1.09141534978087e-10,4.50918734689113e-09,"ENSMUSG00000051361","6030498E09Rik"
776.013724590235,-0.364731261150518,0.0565730798676339,-6.44708158021258,1.14024419455327e-10,4.70260074796058e-09,"ENSMUSG00000065219","Snord32a"
26.1804423934879,-1.03307252650495,0.160432192490854,-6.43930940832744,1.20018317827593e-10,4.94107159267989e-09,"ENSMUSG00000097496",NA
498.539754644522,0.580497932390682,0.090170608385429,6.43777326985948,1.21238918330751e-10,4.98253533555409e-09,"ENSMUSG00000071042","Rasgrp3"
3986.89085262621,0.241591473043617,0.0375337441943543,6.43664729510134,1.22141304813291e-10,5.01079873155828e-09,"ENSMUSG00000026000","Lancl1"
10764.3027716695,-0.574194805295816,0.0892114388190868,-6.43633611223594,1.22391850842443e-10,5.01226837581604e-09,"ENSMUSG00000097263",NA
10.4304661525611,1.95326284867885,0.303630739834866,6.43302074665154,1.25092568787971e-10,5.1138981317296e-09,"ENSMUSG00000095132",NA
472.341190882949,-1.11148059364232,0.173125842231244,-6.42007327916832,1.36208762223088e-10,5.55860338561809e-09,"ENSMUSG00000029798","Herc6"
4.88588675727798,-2.43900731106416,0.380048707591481,-6.4176176956925,1.3842333673335e-10,5.63912033048271e-09,"ENSMUSG00000047347","Tdg-ps"
1065.95168600527,-0.267580972146456,0.0417790610258057,-6.40466696896753,1.50697955572702e-10,6.12847103995398e-09,"ENSMUSG00000029821","Gsdme"
560.445315283556,0.428668825018885,0.0669407319958411,6.40370686483556,1.51649144531107e-10,6.15642779267762e-09,"ENSMUSG00000031232","Magt1"
20.1504686163775,-2.09160163686664,0.327075486434923,-6.39485905735341,1.60695511805011e-10,6.51235300705621e-09,"ENSMUSG00000079845","Xlr4a"
53.6821646009035,0.997183098694867,0.155985483327736,6.39279423585666,1.62881385821199e-10,6.58949772829158e-09,"ENSMUSG00000063286","Gm8995"
728.495451914959,1.17185052492713,0.183316859168884,6.39248637708517,1.63209772148183e-10,6.59135936203294e-09,"ENSMUSG00000103694",NA
758.95005967275,0.245436953020441,0.0384484442445696,6.38353405040846,1.73047095186993e-10,6.97657744896368e-09,"ENSMUSG00000022940","Pigp"
1953.42478775041,-0.44703788489489,0.0700482470713918,-6.38185684274551,1.74953480352547e-10,7.04127429632672e-09,"ENSMUSG00000034111","Tmed8"
6.38353951450415,-2.14929263926037,0.337374530208715,-6.37064285182027,1.88237521421511e-10,7.56287170833448e-09,"ENSMUSG00000071540","3425401B19Rik"
1102.10595090272,-0.214653761004041,0.0338040281390973,-6.34994622891627,2.15390201421493e-10,8.6389234910342e-09,"ENSMUSG00000029142",NA
462.518560648755,0.313009428027035,0.0493128117992234,6.34742608678349,2.18947111534373e-10,8.76652216903408e-09,"ENSMUSG00000024078","Ttc27"
636.623622975071,0.503323244973999,0.0793466158503698,6.34334860510189,2.24823903106041e-10,8.98641159281563e-09,"ENSMUSG00000056228","Cars2"
112.428712099047,0.931522952893838,0.146990945114733,6.33728119896596,2.33854958811255e-10,9.33141248466859e-09,"ENSMUSG00000032807","Alox12b"
658.648345857385,0.373321713335308,0.0589139821594763,6.3367251652545,2.34700096237074e-10,9.34915417484986e-09,"ENSMUSG00000039929","Urb1"
47.0578079157381,0.807819141311217,0.12760054533343,6.33084395682104,2.43823835092589e-10,9.69604732975522e-09,"ENSMUSG00000093424",NA
65.0069871864064,-0.688146529894146,0.108770663614439,-6.32658206750882,2.50651019893827e-10,9.95058972343809e-09,"ENSMUSG00000087384",NA
2537.10479227724,0.195826808112247,0.0309598349284662,6.32518902522291,2.52922777292848e-10,1.00237290158692e-08,"ENSMUSG00000024603","Dctn4"
4889.86667899637,0.218007929254821,0.0344835195242418,6.3220904438586,2.58048260053431e-10,1.02095263295377e-08,"ENSMUSG00000028439","Fam219a"
1425.86655737543,-0.325117886490605,0.0514298458611104,-6.32158002900897,2.58902232009285e-10,1.02259810521028e-08,"ENSMUSG00000068566","Myadm"
112.049754163735,-1.64730226153902,0.260598950051859,-6.32121603410609,2.59512915024083e-10,1.02327871206202e-08,"ENSMUSG00000073409","H2-Q6"
511.611685248565,0.407496321126322,0.0645122506183793,6.31657270084805,2.6742767149525e-10,1.05270896049134e-08,"ENSMUSG00000035181","Heatr5a"
1261.19298063309,-0.52941976792841,0.0838434540010773,-6.31438404149723,2.71239610195514e-10,1.06591687218752e-08,"ENSMUSG00000038695","Josd2"
186.425413015227,-0.824441883218133,0.130616607274078,-6.31192235370328,2.75590497737163e-10,1.08119478801321e-08,"ENSMUSG00000003271","Sult2b1"
1873.37272374134,0.377088769706873,0.0598080460846848,6.30498393431774,2.88223792423797e-10,1.12696951198471e-08,"ENSMUSG00000002997","Prkar2b"
770.137645818419,-0.939473925098867,0.149003797302518,-6.30503344281541,2.88131676158571e-10,1.12696951198471e-08,"ENSMUSG00000042942","Greb1l"
91.8627557908995,0.62868702436797,0.0997186658622393,6.30460725614297,2.8892558798598e-10,1.12782441477537e-08,"ENSMUSG00000027331","Knstrn"
4.04092427621363,-4.83130865809708,0.766692733755063,-6.30149269112618,2.94792686105433e-10,1.14880562132873e-08,"ENSMUSG00000095474","Cldn34c2"
476.997158294209,0.812760222056977,0.129120239076719,6.29459973021008,3.08194080045641e-10,1.19902906841757e-08,"ENSMUSG00000053279","Aldh1a1"
477.323923098056,-0.580512900232958,0.0922322968376951,-6.2940306176535,3.09326771027301e-10,1.20143341365895e-08,"ENSMUSG00000098284",NA
11.7263985503928,-1.76041664751265,0.280310060775813,-6.28024781786407,3.38033773245558e-10,1.31075122406496e-08,"ENSMUSG00000084948",NA
718.051421161395,-0.353803709089988,0.056432327455687,-6.26952183334648,3.62158513904701e-10,1.40196785905098e-08,"ENSMUSG00000040688","Tbl3"
2836.99852519305,-0.419072554007508,0.0669994627057499,-6.25486439865947,3.97861450006398e-10,1.53762911051314e-08,"ENSMUSG00000030265","Kras"
352.818505869311,0.512803490765252,0.0820063364333104,6.25321789837882,4.0208052302055e-10,1.5513662229535e-08,"ENSMUSG00000079110","Capn3"
1778.15762664452,0.432597095466322,0.0692044316985842,6.25100278766066,4.07825597001409e-10,1.57093612389503e-08,"ENSMUSG00000002949","Timm44"
256.529082864303,0.88816550867892,0.142243632942624,6.24397373931789,4.26591645383955e-10,1.64051544945596e-08,"ENSMUSG00000096862",NA
2473.4389568634,0.186213730411907,0.0299174454886353,6.22425235077786,4.83857757475974e-10,1.85767954486212e-08,"ENSMUSG00000035776","Cd99l2"
322.772798577658,-0.812197875984219,0.130680841661082,-6.21512584140405,5.12835334850712e-10,1.96570036476522e-08,"ENSMUSG00000002910","Arrdc2"
1128.66952026394,-0.316115185679528,0.0508800768539069,-6.21294630877223,5.20002213484506e-10,1.98990355235555e-08,"ENSMUSG00000029452","Tmem116"
528.477078235143,-1.37023527928984,0.220645706085677,-6.21011531834559,5.29457331041035e-10,2.02276963641422e-08,"ENSMUSG00000021098","4930447C04Rik"
6.26659173723848,-2.0233741041568,0.326300552941459,-6.20095211582377,5.61225889903791e-10,2.14063659281441e-08,"ENSMUSG00000087277",NA
8415.24693429904,-0.602743169821107,0.0972270176489378,-6.19933825387363,5.6701054318315e-10,2.15917244853577e-08,"ENSMUSG00000071793",NA
25.6776161727396,1.14038599899461,0.184199195189364,6.19104767435192,5.9765627745124e-10,2.27216457403001e-08,"ENSMUSG00000030385","2900092C05Rik"
231.945836543917,-0.577224250659779,0.0933381632866091,-6.18422551220901,6.24080997500922e-10,2.3687679227096e-08,"ENSMUSG00000078546","Zfp995"
2597.29383982564,-0.476320044829821,0.0770426602513338,-6.18254929510401,6.30746054347855e-10,2.3901794069224e-08,"ENSMUSG00000087408","Gdf1"
541.691918729699,-0.381211088601926,0.0618629656353569,-6.16218580352136,7.17475933996961e-10,2.7144312361898e-08,"ENSMUSG00000022793","B4galt4"
83.2048276833489,-0.833503493867623,0.13530746699612,-6.16007018955965,7.27127086529861e-10,2.74649313606255e-08,"ENSMUSG00000078906","Gm14444"
15454.9630100691,-0.256656419979476,0.041686410522055,-6.15683664688968,7.42123253864219e-10,2.79860793456421e-08,"ENSMUSG00000006273","Atp6v1b2"
229.73372756459,0.580691908659757,0.0945774104224004,6.13985840874982,8.25950678561592e-10,3.10970430478439e-08,"ENSMUSG00000061533","Cep128"
12.7444474293687,1.22402305907387,0.199503014125842,6.13536123470189,8.49659031579148e-10,3.19381493947698e-08,"ENSMUSG00000049387","Cox7b2"
88.3997429654734,0.522352165637633,0.0851699355982735,6.13305812630228,8.6205632363388e-10,3.23520591038355e-08,"ENSMUSG00000084628",NA
28.0991184414759,0.897992668140839,0.146457518434979,6.13142075419987,8.70977170454089e-10,3.26343821667894e-08,"ENSMUSG00000077965",NA
2750.10281029232,-0.339148645985841,0.0554774962838336,-6.11326517423734,9.76129679332513e-10,3.65156972831071e-08,"ENSMUSG00000098247","Mir7220"
35.3700765454985,0.745213694351715,0.121966864107663,6.1099684722065,9.9650824066462e-10,3.72183869789348e-08,"ENSMUSG00000102824",NA
13.2236872823423,1.38869244260708,0.227497603718711,6.10420690111587,1.03312385891071e-09,3.85242975056751e-08,"ENSMUSG00000091981",NA
39.6438681279013,-0.834336716043481,0.136893468321443,-6.09478835092668,1.09582338074711e-09,4.07491279931953e-08,"ENSMUSG00000046338","Gpat2"
26.4098835358172,0.794173792214251,0.130305175718242,6.09472177783243,1.09627950048094e-09,4.07491279931953e-08,"ENSMUSG00000097585","E230029C05Rik"
75.8682722919295,0.715604847417558,0.117430837520637,6.09384095801751,1.10233181497304e-09,4.0908953190645e-08,"ENSMUSG00000042349","Ikbke"
1031.56796823782,-0.37993315045201,0.0624300844594058,-6.08573821006211,1.1595577878593e-09,4.28962875467508e-08,"ENSMUSG00000029780","Nt5c3"
470.017666782744,0.355887295595723,0.0584772012418304,6.08591533175405,1.15827644001008e-09,4.28962875467508e-08,"ENSMUSG00000040820","Hlcs"
345.961000341509,0.340339236316337,0.0559284169352437,6.08526496843985,1.16298813283644e-09,4.29325157786964e-08,"ENSMUSG00000022120","Obi1"
104.864354024823,-1.52139385922637,0.250025481111339,-6.0849552312185,1.16523865249914e-09,4.29325157786964e-08,"ENSMUSG00000060550","H2-Q7"
9.83970068398226,1.95490529002325,0.321274562046909,6.08484306248253,1.16605470606578e-09,4.29325157786964e-08,"ENSMUSG00000095446",NA
5.23393758139884,2.43855607681018,0.401297305042139,6.07668191680011,1.22694797576084e-09,4.51033804695832e-08,"ENSMUSG00000032494","Cripto"
1370.36623768242,0.264402230560565,0.04358507844352,6.06634747493209,1.30851873928073e-09,4.80263410865252e-08,"ENSMUSG00000024530","Prelid3a"
1209.81867615009,-0.239272393393679,0.0395160176653084,-6.05507355068674,1.40353520690409e-09,5.14328451095168e-08,"ENSMUSG00000011179","Odc1"
99.8557743451557,-0.552812222005764,0.0913271782483562,-6.05309648900396,1.42087699907789e-09,5.19867269427512e-08,"ENSMUSG00000049357","Brd8dc"
4.8860495457994,-2.29383052179589,0.37986420549184,-6.03855401123115,1.55501379308412e-09,5.68054569201293e-08,"ENSMUSG00000083962",NA
6.92322242027802,1.81874323300105,0.301238333105286,6.03755575943048,1.56466104238535e-09,5.7068566738127e-08,"ENSMUSG00000087142",NA
92.1860772489227,0.653800160816438,0.108355082031404,6.03386706520099,1.60081769545571e-09,5.82962362948871e-08,"ENSMUSG00000031838","Ifi30"
231.087422098977,0.33960194326354,0.05631951260952,6.02991623201893,1.64044686911281e-09,5.96463415353587e-08,"ENSMUSG00000002814","Top3a"
1197.40536694569,0.347649537730982,0.0576737123311067,6.02786822070885,1.66136422318677e-09,6.03129472190493e-08,"ENSMUSG00000040875","Osbpl10"
2164.41470690487,0.50787948784221,0.0842798657028503,6.02610699016614,1.67956022680561e-09,6.08788421961544e-08,"ENSMUSG00000008206","Cers4"
553.084607965101,0.24105182578744,0.040025942714468,6.0223897162654,1.7186046974778e-09,6.21975030282548e-08,"ENSMUSG00000099137",NA
1241.82752158988,0.205894192462925,0.0342300421992081,6.01501427502442,1.79870848957183e-09,6.49957465512e-08,"ENSMUSG00000035765","Dym"
1205.89806578727,0.304387224847854,0.0506713222302816,6.00709062740718,1.88881949119794e-09,6.81463885363733e-08,"ENSMUSG00000026213","Stk11ip"
1710.76807802668,-0.208026156527204,0.0347150835363784,-5.99238530736102,2.06785269586945e-09,7.44905640118528e-08,"ENSMUSG00000003039","Fam32a"
640.800282311007,0.297980543032925,0.0497431613945466,5.99038208829231,2.09348610213005e-09,7.52977597565822e-08,"ENSMUSG00000024570","Rbfa"
2149.06659660129,-0.22120096284788,0.0369316736478133,-5.98946489556065,2.10532566056941e-09,7.56071029148797e-08,"ENSMUSG00000029465","Arpc3"
545.97176879017,0.467009603118343,0.0780193028118211,5.9858212812379,2.15300675712804e-09,7.72006708627341e-08,"ENSMUSG00000067928","Zfp760"
2920.23059553007,-0.164761042012915,0.0275289648284199,-5.98500681154643,2.16380805964904e-09,7.74179290505802e-08,"ENSMUSG00000009073","Nf2"
14.9917304183006,1.19186912986806,0.199147215569803,5.98486464627622,2.16569882491663e-09,7.74179290505802e-08,"ENSMUSG00000103756",NA
21.3379332720647,-1.47527342677741,0.246599979807056,-5.98245558629684,2.19798455463494e-09,7.8451916603736e-08,"ENSMUSG00000021056","Tex21"
6563.43123822891,-0.333661052937736,0.0559376336521103,-5.96487607990097,2.44819769863952e-09,8.72492807318204e-08,"ENSMUSG00000032855","Pkd1"
1082.58403161642,-0.214165946304788,0.0359094887898646,-5.96404887738853,2.46063081270739e-09,8.75586967393729e-08,"ENSMUSG00000029536","Gatc"
2908.97687869393,0.209796484269013,0.0351879933362114,5.96216107762856,2.48923580139664e-09,8.84417523774761e-08,"ENSMUSG00000041977","Arhgef11"
2132.31469111418,0.477874398079833,0.0802336218933214,5.95603671881117,2.58428290980766e-09,9.16792035921582e-08,"ENSMUSG00000057715","A830018L16Rik"
1831.17959605028,0.21705810396635,0.0364928712739223,5.94795905033264,2.71506492671353e-09,9.61726260762883e-08,"ENSMUSG00000015697","Setdb1"
469.907608758963,0.412976857391129,0.0695299991641608,5.93954929319196,2.85806732629213e-09,1.01084644844905e-07,"ENSMUSG00000097056",NA
14.0111742124937,-1.32526338413346,0.223233550360497,-5.93666759317007,2.90873564322984e-09,1.02721053131489e-07,"ENSMUSG00000019368","Sec14l4"
848.751904579781,-0.306434066656106,0.0516589647678099,-5.93186619270104,2.99510675035108e-09,1.05452152146976e-07,"ENSMUSG00000023806","Rsph3b"
446.190014513802,0.314841181606068,0.053075017371711,5.93200336423967,2.99260491057049e-09,1.05452152146976e-07,"ENSMUSG00000062646","Ganc"
13.2248599251857,3.27634449256559,0.553067758660699,5.92394772839324,3.14303398519276e-09,1.10493738428245e-07,"ENSMUSG00000078496","Zfp982"
11819.4057528975,-0.597025188200454,0.100967288249883,-5.9130555900727,3.35818776333015e-09,1.17835192468284e-07,"ENSMUSG00000071796",NA
356.382328258748,-0.710021296268152,0.120080639053583,-5.91287073306902,3.36196025291852e-09,1.17835192468284e-07,"ENSMUSG00000096146","Kcnj11"
1551.52450390101,-0.273388198263119,0.0462905589207177,-5.90591698690339,3.50690541248693e-09,1.22731173978534e-07,"ENSMUSG00000034544","Rsrc1"
532.449355866487,-0.220632193387504,0.0374441595774789,-5.89229924979289,3.80858650540621e-09,1.33089573047451e-07,"ENSMUSG00000024067","Dpy30"
102.336698543528,-0.592430732986988,0.100561380647627,-5.89123507624563,3.83319802007555e-09,1.33749389211694e-07,"ENSMUSG00000074899","Sptbn5"
2326.20801636637,0.188087527397607,0.031936353875279,5.88944900010016,3.87485360352436e-09,1.34837664994337e-07,"ENSMUSG00000027304","Rtf1"
430.322831952258,0.720075722168909,0.122266342436292,5.88940265833267,3.87594024809151e-09,1.34837664994337e-07,"ENSMUSG00000071669","Snx29"
4120.0899352634,-0.345171957765665,0.0586229765897506,-5.88799780982144,3.90902298179911e-09,1.35786195631156e-07,"ENSMUSG00000000308","Ckmt1"
2697.59288595481,-0.396555334061072,0.0673855849288587,-5.88486891491303,3.98369602978853e-09,1.38174467196662e-07,"ENSMUSG00000035967","Ints6l"
2372.26259262936,0.140343104524686,0.0239990136447733,5.84786969173007,4.97908349003684e-09,1.7244324318684e-07,"ENSMUSG00000027291","Vps39"
3915.30473376647,-0.365793092841966,0.0625992858670354,-5.84340680209887,5.11439169979953e-09,1.76867030293956e-07,"ENSMUSG00000029436","Mmp17"
7.67692875445093,1.92410764417859,0.329497090199213,5.83952848571523,5.23487657924546e-09,1.80765863889537e-07,"ENSMUSG00000097666",NA
10.2953663249894,-1.40896567869164,0.241310543116473,-5.83880696009033,5.25759436131395e-09,1.81282164218835e-07,"ENSMUSG00000096979",NA
42.5521937089837,-0.711598366009249,0.121995103044737,-5.83300762284122,5.44370800888644e-09,1.87422531049316e-07,"ENSMUSG00000098951","Mir7647"
4247.68006271255,-0.297197246600377,0.0509968025829359,-5.82776236053322,5.61754933816136e-09,1.93122907512077e-07,"ENSMUSG00000068663","Clec16a"
10.1901733544162,1.72559298471331,0.297470032970639,5.80089687516064,6.59611587476062e-09,2.26431077741966e-07,"ENSMUSG00000039193","Nlrc4"
86.8338123386658,0.600215751925376,0.103565227967892,5.79553353671427,6.81043162983527e-09,2.33444795205939e-07,"ENSMUSG00000040093","Bmf"
189.522287957831,0.807161763015487,0.139553959032303,5.78386860976587,7.30019690186704e-09,2.49865830322995e-07,"ENSMUSG00000087095","Emx2os"
194.267741623955,0.386800982027855,0.0670787545751173,5.76637095422964,8.09966754511923e-09,2.76823630315839e-07,"ENSMUSG00000098234","Snhg6"
290.662020214225,-0.417582541718454,0.0724335095186612,-5.76504637830466,8.16353890002777e-09,2.78598667461035e-07,"ENSMUSG00000040888","Gfer"
12.7985162918798,1.40652907538302,0.244447775994252,5.75390416076476,8.72056075867824e-09,2.97173795313615e-07,"ENSMUSG00000092012",NA
53.5330585464542,0.692453053913097,0.120407100675869,5.7509320465838,8.87527855997254e-09,3.02005287792185e-07,"ENSMUSG00000035873","Pawr"
65.4703782008738,0.581261259490815,0.101170054519969,5.74538841803319,9.17102182907115e-09,3.11614501537129e-07,"ENSMUSG00000079608","Stard6"
474.179962674024,1.06164183324469,0.184968931714608,5.73956838807243,9.4918147852025e-09,3.22045686818288e-07,"ENSMUSG00000076617","Ighm"
139.311016780923,0.634055927051959,0.110500579440221,5.738032599141,9.57826824920823e-09,3.24507279740592e-07,"ENSMUSG00000097140",NA
457.864616805956,0.377374310195854,0.0658738319197216,5.72874386077538,1.01177028207356e-08,3.42286285426711e-07,"ENSMUSG00000028145","Them4"
83.8246173516214,0.451951709981227,0.0789567126721402,5.72404415895468,1.04017693952752e-08,3.51387124448492e-07,"ENSMUSG00000097967",NA
441.126580000337,0.298375399728011,0.052260382274319,5.7093994866286,1.13375489918216e-08,3.82445673578167e-07,"ENSMUSG00000030990","Pgap2"
6.52753437265539,-1.66584274423221,0.291863693781858,-5.7076052271074,1.14576786393956e-08,3.85940248888039e-07,"ENSMUSG00000089716",NA
11.7372427279539,-1.54378215164515,0.270997053040166,-5.69667505357093,1.22166449894908e-08,4.10912311224328e-07,"ENSMUSG00000003477","Inmt"
28.2855496527104,-0.880401608923752,0.154798355110222,-5.6874093287159,1.28981044364341e-08,4.3320928325134e-07,"ENSMUSG00000045667","Smtnl2"
166.789098063403,-0.536789318073265,0.0944605459536518,-5.6826827820437,1.325980769842e-08,4.44717946988821e-07,"ENSMUSG00000021423","Ly86"
692.94498653106,-0.247453876739265,0.0435593643734979,-5.6808422321658,1.340330707344e-08,4.48885791987534e-07,"ENSMUSG00000091604",NA
14.0823080627287,1.12463502777706,0.198004316612645,5.67985106090984,1.34812080745046e-08,4.50847908428598e-07,"ENSMUSG00000085719","4933424L21Rik"
87.0233354540607,2.60213107505774,0.458216782528319,5.67882097355725,1.35626337522591e-08,4.52922116851193e-07,"ENSMUSG00000054196","Cthrc1"
646.135826509803,0.27877998483211,0.0490990526545729,5.67790964916195,1.36350697152747e-08,4.54690617662369e-07,"ENSMUSG00000027378","Nphp1"
205.906055552547,0.33846583785594,0.0596998153625126,5.66946205445844,1.43246570843667e-08,4.77004950528347e-07,"ENSMUSG00000027353","Mcm8"
2946.19498489461,2.09434648374603,0.369540278494204,5.66743763976158,1.4494878253414e-08,4.81985673888094e-07,"ENSMUSG00000096768","Erdr1x"
376.905677483254,0.258788794669626,0.0456815512379419,5.66506144508251,1.46971860327193e-08,4.88017657982599e-07,"ENSMUSG00000027305","Ndufaf1"
64.9423131433376,-0.535700477023643,0.0946545945063112,-5.65952957505855,1.51788490744558e-08,5.03295275490089e-07,"ENSMUSG00000044881","Coa4"
171.342724427476,-1.05546299859878,0.186562292132488,-5.65742941156211,1.53656979791292e-08,5.08768067981296e-07,"ENSMUSG00000044017","Adgrd1"
236.956098084751,-0.337124181794541,0.0596491679234916,-5.65178347880643,1.58791538145661e-08,5.25024203248466e-07,"ENSMUSG00000071256","Zfp213"
119.671336470669,-1.04136784262162,0.18439019168499,-5.6476314336756,1.62673459993941e-08,5.37098525691453e-07,"ENSMUSG00000040170","Fmo2"
2717.31993932248,0.665120837533814,0.117847314954904,5.64392016728029,1.66221172344004e-08,5.48036839834191e-07,"ENSMUSG00000090223","Pcp4"
976.180314854456,0.318358518674301,0.0568175417064463,5.60317305382787,2.10462907622639e-08,6.92924633658005e-07,"ENSMUSG00000027286","Lrrc57"
42.0784043489676,-0.61744410235119,0.11031781309792,-5.59695741795696,2.1814625938995e-08,7.17209596188678e-07,"ENSMUSG00000089890",NA
426.976738395217,-0.261835839153334,0.0468261132851103,-5.59166287321548,2.24905183203894e-08,7.383912365019e-07,"ENSMUSG00000044155","Lsm8"
3.22989556318824,-4.49969432606485,0.805160088358798,-5.58857100733448,2.28945759776749e-08,7.5060124585234e-07,"ENSMUSG00000094620",NA
76.6425950944003,0.623832649961553,0.111681652727402,5.58581140882858,2.32611558662956e-08,7.61550015970461e-07,"ENSMUSG00000102201",NA
9717.69583986066,-0.373535563175778,0.0668965255634894,-5.58378122076411,2.35344731034718e-08,7.69419055538294e-07,"ENSMUSG00000036333","Kidins220"
329.736270770433,0.350698506294715,0.0628452344990967,5.58035162236137,2.40032840875957e-08,7.83648476163281e-07,"ENSMUSG00000052384","Nrros"
2912.65666679124,-0.376466283699127,0.0674912562351785,-5.57800083594979,2.4329848639769e-08,7.93200637986214e-07,"ENSMUSG00000089862","Umad1"
716.878701635412,-0.35437979936125,0.063571445067259,-5.57451225131526,2.48224337852646e-08,8.08131202021521e-07,"ENSMUSG00000029524","Sirt4"
32.1272436286206,1.73015557488277,0.310444541756837,5.57315507978219,2.50166687734253e-08,8.13320472392852e-07,"ENSMUSG00000072902",NA
234.881078246935,0.638757652690477,0.114810311715096,5.56359131116694,2.64278475883533e-08,8.58004514958178e-07,"ENSMUSG00000022639",NA
34.115869684853,0.639710133204224,0.114998062268969,5.56279054257459,2.65494486096084e-08,8.60755248464013e-07,"ENSMUSG00000050050","Ccdc158"
1358.44322136411,-0.290992071843453,0.0523625016394081,-5.55726068718711,2.74041326386323e-08,8.8723254949181e-07,"ENSMUSG00000059486","Kbtbd2"
121.5180112,-0.568794506185882,0.102478918001722,-5.55035628085306,2.85087996617887e-08,9.21718712610989e-07,"ENSMUSG00000024165","Jpt2"
16.5249037872234,-1.00038439819682,0.180300051381109,-5.54844211376432,2.88226279222382e-08,9.30576215198902e-07,"ENSMUSG00000037962","Rflna"
37.7557500649635,-1.65964053973019,0.299476816521812,-5.54179972595413,2.99378598547759e-08,9.65247876505573e-07,"ENSMUSG00000055413","H2-Q5"
1061.14070465608,2.12725672136678,0.383987190997168,5.53991583896993,3.02617043931634e-08,9.74343400896018e-07,"ENSMUSG00000095562","Erdr1x"
412.720748621967,-0.668277778436508,0.120702344032974,-5.53657664058245,3.0844090323196e-08,9.91726722333834e-07,"ENSMUSG00000094614",NA
8.52713127666702,1.36762466512234,0.247050592748983,5.53580807034096,3.09796672217439e-08,9.94715779858554e-07,"ENSMUSG00000089082",NA
65.8166738335474,0.740717496684253,0.133895717386988,5.53204770951273,3.16513780350746e-08,1.01488752400103e-06,"ENSMUSG00000056023",NA
13.829631838871,-1.37823792181763,0.249277569232116,-5.52892876026998,3.22192139996109e-08,1.03167779477767e-06,"ENSMUSG00000031362","Xlr4c"
1606.99425071755,-0.177320326773204,0.0320782086758424,-5.5277502732483,3.24363315078303e-08,1.03720724162642e-06,"ENSMUSG00000019731","Slc35e1"
368.666779003688,0.261874100534927,0.0474213526307303,5.52228238983687,3.34624106200536e-08,1.06855410547731e-06,"ENSMUSG00000030424",NA
5.66407090888891,-1.64631194693911,0.298136817187742,-5.52200148397774,3.35159658313671e-08,1.06880217267978e-06,"ENSMUSG00000023403","Stk31"
4.82693063368707,-2.1419204681539,0.38803456588821,-5.51992182255994,3.39150515027705e-08,1.08005327043543e-06,"ENSMUSG00000084066",NA
80.6359600787932,-0.624963064990398,0.113531471354344,-5.50475614853807,3.69679602942042e-08,1.17567179447903e-06,"ENSMUSG00000072774","Zfp951"
220.040821535988,-0.341514835033881,0.0620559896399111,-5.50333395721461,3.72675517848166e-08,1.18358702219452e-06,"ENSMUSG00000020648","Dus4l"
22.0167032027563,1.24015407487078,0.225433145902963,5.5012055565449,3.77203128831892e-08,1.19633867341343e-06,"ENSMUSG00000032591","Mst1"
3396.42235080326,-0.310060727854192,0.0563733293413374,-5.50013156002889,3.79507977827272e-08,1.2020155666787e-06,"ENSMUSG00000035596","Mboat7"
158.475338905292,0.543842338635703,0.0990180758601379,5.49235413747966,3.96611085430516e-08,1.25186147018783e-06,"ENSMUSG00000026656","Fcgr2b"
2476.30636171016,0.263649516131634,0.0480031109914021,5.49234228129208,3.96637719994284e-08,1.25186147018783e-06,"ENSMUSG00000055538","Zcchc24"
7.96914207433585,1.54882228970637,0.282001633627616,5.49224580646081,3.96854512247354e-08,1.25186147018783e-06,"ENSMUSG00000095406",NA
951.424406985963,-0.286327915778668,0.05221312178879,-5.48383061516429,4.16213311803802e-08,1.31115618588882e-06,"ENSMUSG00000065628",NA
112.08812793616,0.648013005903705,0.118261599474826,5.47948792153491,4.26558564778274e-08,1.34193484873575e-06,"ENSMUSG00000085214",NA
2532.17072122239,-0.158436290405644,0.0289189886740404,-5.47862486449491,4.2864404932549e-08,1.34668075954306e-06,"ENSMUSG00000024527","Afg3l2"
2616.79557024585,0.295093151567863,0.0538740571797841,5.47746293885204,4.31467337151465e-08,1.35372877031272e-06,"ENSMUSG00000028467","Gba2"
342.368065393094,0.567313783065701,0.103605689973643,5.47570102771408,4.35782918455106e-08,1.36543364637551e-06,"ENSMUSG00000041959","S100a10"
997.498282019677,0.477866430851307,0.0873816818080954,5.46872549215499,4.53283132425491e-08,1.4183630241566e-06,"ENSMUSG00000052551","Adarb2"
2491.46361726997,0.342325573206232,0.0626336192662371,5.46552438158022,4.61540343593677e-08,1.44226723433831e-06,"ENSMUSG00000002948","Map2k7"
179.530842740035,-0.449040197898901,0.0823428673479248,-5.45329804950273,4.94440923540608e-08,1.54301263077652e-06,"ENSMUSG00000074497",NA
1018.42194763849,-0.494304605976082,0.0906495240527851,-5.45292003616312,4.95493540661243e-08,1.54423307338523e-06,"ENSMUSG00000004633","Chn2"
384.676564746205,0.601680173462044,0.110488682406612,5.44562719327024,5.16231584165878e-08,1.60671918255788e-06,"ENSMUSG00000062210","Tnfaip8"
979.058388254816,-0.323910570689602,0.0595328688940651,-5.44086950128307,5.3021144369151e-08,1.64671072878759e-06,"ENSMUSG00000035674","Ndufa3"
436.665777669255,0.433073695340163,0.0795977893319606,5.44077541568447,5.30491568370932e-08,1.64671072878759e-06,"ENSMUSG00000092229",NA
291.995379470867,-0.296922159832966,0.0546255473630358,-5.43559147992882,5.46149557165008e-08,1.69306362721153e-06,"ENSMUSG00000039745","Htatip2"
129.082524097012,-0.791232638018988,0.145740462647242,-5.42905260246175,5.6653985557411e-08,1.75394427701146e-06,"ENSMUSG00000045629","Sh3tc2"
1088.95872152702,-0.251917975663901,0.0464498739295457,-5.42343723141219,5.84637510863352e-08,1.80757528689844e-06,"ENSMUSG00000092544",NA
704.833984033908,0.30440996931233,0.0561489298940487,5.42147410265417,5.9109561394689e-08,1.82512498893681e-06,"ENSMUSG00000066721","Zfp575"
59.6719444902672,0.586070749753525,0.108367873258406,5.40815955994657,6.36756849136414e-08,1.9635158691402e-06,"ENSMUSG00000079227","Ccr5"
38.6226970538054,1.02089804078689,0.188792472952462,5.4075145307512,6.39053597423474e-08,1.96799843333195e-06,"ENSMUSG00000053153","Spag16"
146.936476403502,0.649831196494597,0.120242127615012,5.40435544001025,6.50418543897235e-08,2.00035837551952e-06,"ENSMUSG00000044646","Zbtb7c"
760.884980289632,-0.258253704934571,0.0478520823939599,-5.39691674875092,6.77958256397897e-08,2.08231310251265e-06,"ENSMUSG00000047342","Zfp286"
1084.35688129896,-0.232972106847431,0.0432188836748799,-5.390516529765,7.02554527716752e-08,2.15502369783077e-06,"ENSMUSG00000057469","E2f6"
230.439466711582,-0.752962765076911,0.139830625425322,-5.38482011924517,7.25171337994416e-08,2.22147959879313e-06,"ENSMUSG00000097230",NA
15.7631135295014,-1.08643364800274,0.201858491093163,-5.38215480616725,7.35994251186907e-08,2.25167939783171e-06,"ENSMUSG00000040121","Rep15"
141.972781313153,0.601456805360548,0.111783802987261,5.38053626095626,7.42642777361435e-08,2.26904585758482e-06,"ENSMUSG00000056854","Pou3f4"
385.328977402365,0.334719593955717,0.0623241730833706,5.37062230264916,7.84653963818587e-08,2.39427156567546e-06,"ENSMUSG00000038539","Atf5"
2883.11050836456,-0.491651824187757,0.0915810985835739,-5.36848576607859,7.94004562964133e-08,2.41964079807725e-06,"ENSMUSG00000054477","Kcnn2"
491.434490350474,-0.344770406466826,0.0642448739062041,-5.36650452408361,8.02771878811344e-08,2.44316870496652e-06,"ENSMUSG00000090234",NA
63.5950202962095,-0.796185738663121,0.148539179241571,-5.36010595136168,8.31731575068723e-08,2.5280091350038e-06,"ENSMUSG00000019935","Slc17a8"
207.410154360558,0.417463880265641,0.0779686486844258,5.35425311724081,8.59105298692971e-08,2.60781469276853e-06,"ENSMUSG00000049287","Iba57"
494.679893179374,-0.374016236989644,0.0699899527739272,-5.34385611314448,9.09898053448947e-08,2.75840912489075e-06,"ENSMUSG00000044576","Garem2"
247.036258254216,-0.37660622426857,0.0705077221768559,-5.3413471977427,9.22583632580582e-08,2.79323861677413e-06,"ENSMUSG00000056204","Pgpep1"
7.70083169910881,-1.71002801209159,0.320175831771663,-5.34090284900427,9.24848125119457e-08,2.79646758868698e-06,"ENSMUSG00000095306",NA
6.99327174668226,1.48874358932118,0.27886040251668,5.33866972824201,9.36310286127939e-08,2.8274632612011e-06,"ENSMUSG00000024306","Ccdc178"
492.504529467964,-0.342643063082079,0.0642562784224798,-5.33244488311677,9.68991856683759e-08,2.92237427785129e-06,"ENSMUSG00000090407",NA
1051.68709247033,0.30126508503714,0.0565955339309668,5.32312470811941,1.01999765940781e-07,3.07223295013631e-06,"ENSMUSG00000038984","Tspyl5"
51.5533497279024,-0.74045797429175,0.139206014046238,-5.31915218868205,1.04251905060495e-07,3.13602090183908e-06,"ENSMUSG00000037973","Itprid1"
80.2891684448711,1.17110113150681,0.220212226644941,5.31805680978394,1.04881325379959e-07,3.15089418062341e-06,"ENSMUSG00000036523","Greb1"
19.1509293533139,0.833802385821345,0.157305839426978,5.30051769761796,1.15474770891799e-07,3.46468840222014e-06,"ENSMUSG00000081441","Gm6161"
19.858379886731,2.15378017651273,0.406457225371596,5.298909804208,1.16496160522959e-07,3.49084707970146e-06,"ENSMUSG00000028602","Tnfrsf8"
961.740079358168,-0.442878834396149,0.0836631371337706,-5.29359583645569,1.19934342520935e-07,3.58926584290535e-06,"ENSMUSG00000073067","9130019P16Rik"
654.42766597399,0.354806219218741,0.0671563843975226,5.2832835239985,1.26888781340727e-07,3.7925285823772e-06,"ENSMUSG00000046805","Mpeg1"
9601.77989833434,-0.256726142524929,0.0486319945650965,-5.27895565092004,1.29922242784721e-07,3.87617407271247e-06,"ENSMUSG00000060036","Rpl3"
47.5304684468099,-0.529561667177718,0.100318217072973,-5.2788185698367,1.30019461891525e-07,3.87617407271247e-06,"ENSMUSG00000089735","Gm8428"
4120.14439312211,-0.2214115848714,0.0419518086867985,-5.2777601682064,1.30772462684302e-07,3.89364999545875e-06,"ENSMUSG00000038065","Mturn"
653.657367442774,0.31548428269858,0.059818441647534,5.27403044963117,1.33459749015945e-07,3.96859989971872e-06,"ENSMUSG00000073407","Gm6034"
322.41298344834,-0.645886095437314,0.122492156538134,-5.27287716774125,1.34301454464249e-07,3.98854815719969e-06,"ENSMUSG00000051041","Olfml1"
1524.26945162057,0.362539427980574,0.0687791168945826,5.27106837583037,1.35631926208861e-07,4.02294288880996e-06,"ENSMUSG00000027339","Rassf2"
114.662631438124,0.630547877428038,0.119788374873022,5.26384866725531,1.41070583686729e-07,4.17894750634432e-06,"ENSMUSG00000102141",NA
596.964838615957,0.261097428776136,0.0496397643364663,5.25984424515749,1.44177473750992e-07,4.26557005040484e-06,"ENSMUSG00000021918","Nek4"
7.18224898235506,-1.98609561509955,0.377725191283658,-5.25804383962325,1.45595815662479e-07,4.302079905075e-06,"ENSMUSG00000099104","Gm17087"
339.698099295577,0.346919213627609,0.0660666293092176,5.25105060232287,1.51234122207128e-07,4.46303175054487e-06,"ENSMUSG00000023284","Zfp605"
63.0851445806333,0.568283715402114,0.108423917707921,5.24131323987934,1.5943779449591e-07,4.69918742035106e-06,"ENSMUSG00000051439","Cd14"
727.523596956792,-0.315805915375745,0.060293765462409,-5.2377872397543,1.6251325199465e-07,4.78379172927001e-06,"ENSMUSG00000028082","Sh3d19"
1085.21503016857,0.330351824518889,0.063139876237704,5.23206322538876,1.67628390758918e-07,4.92814801698416e-06,"ENSMUSG00000087623",NA
271.573995012671,0.333819113128172,0.0638195503473194,5.23067165643535,1.6889526233544e-07,4.95914730653608e-06,"ENSMUSG00000102476",NA
44.3157365957873,0.530316935378492,0.101444087641789,5.22767711462005,1.71652937265379e-07,5.0337870786253e-06,"ENSMUSG00000010142","Tnfrsf13b"
14.4865995670947,0.973761952409191,0.186373865344957,5.2247773613906,1.74364780306869e-07,5.10689719787108e-06,"ENSMUSG00000089760",NA
9.90167747503806,-1.58484694690448,0.303367181738635,-5.22418719724897,1.74921751069535e-07,5.11679001906786e-06,"ENSMUSG00000064330","Pde6h"
459.797358133742,-0.659762460393852,0.126609096437689,-5.21101942085618,1.87805788893874e-07,5.48679665851028e-06,"ENSMUSG00000078864","Gm14322"
37.4222421837324,0.869963148262565,0.167113884346845,5.20581010765662,1.93152088146288e-07,5.63593649199851e-06,"ENSMUSG00000049241","Hcar1"
403.45552218059,-0.465933608415627,0.0895296464845717,-5.20423822399343,1.9479399501922e-07,5.66967110440606e-06,"ENSMUSG00000029875","Ccdc184"
3.43638967540183,5.26230667617466,1.0111367906184,5.2043469538442,1.9467998858183e-07,5.66967110440606e-06,"ENSMUSG00000031326","Cdx4"
846.754128969174,-0.157006224515914,0.0302469235785568,-5.19081631915855,2.09374096037026e-07,6.08645021642875e-06,"ENSMUSG00000024382","Ercc3"
2093.6501143176,0.426127509038774,0.0823330424115338,5.17565604959448,2.27111513384428e-07,6.59386076732922e-06,"ENSMUSG00000004567","Mcoln1"
13.9463832306382,-1.03325318304079,0.19982314581801,-5.17083833712551,2.33046116073574e-07,6.75775836957198e-06,"ENSMUSG00000087670",NA
9.61432887699213,1.58664362673775,0.307247092428746,5.16406392716542,2.41645108387663e-07,6.99841410061193e-06,"ENSMUSG00000103483",NA
372.108250726164,0.66463738908905,0.129351101306176,5.13824298655055,2.77319149093472e-07,8.01815218509686e-06,"ENSMUSG00000096826","Ccl27b"
70.5809754314354,0.539638803391639,0.105027083083433,5.13809188590862,2.7754217390902e-07,8.01815218509686e-06,"ENSMUSG00000096974",NA
153.922064303054,-0.506325354778532,0.0985800805177946,-5.13618321388098,2.80374333941418e-07,8.0899605404135e-06,"ENSMUSG00000043398","Gpr135"
6391.95974348141,-0.250676998363391,0.0489042417153827,-5.12587435303267,2.96160073397952e-07,8.53489455966468e-06,"ENSMUSG00000074129","Rpl13a"
88.8874858177856,0.505300315356737,0.0988046152034993,5.11413676695177,3.15178943579354e-07,9.07179048085434e-06,"ENSMUSG00000028599","Tnfrsf1b"
231.443850701067,0.257828691485347,0.0504479720926069,5.11078405712826,3.20824530520755e-07,9.22291504426846e-06,"ENSMUSG00000004127","Trmt10a"
958.637980056595,-0.284651020272934,0.0557563701422917,-5.10526455625603,3.30332043553677e-07,9.48455214350982e-06,"ENSMUSG00000034032","Rpap1"
196.492066980382,0.69579163750054,0.136387998728952,5.10156057706593,3.36864161997244e-07,9.66022129422809e-06,"ENSMUSG00000022297","Fzd6"
355.904709481957,0.257184496335062,0.0505006423259994,5.09269752798084,3.53004627825922e-07,1.01106589292521e-05,"ENSMUSG00000024069","Slc30a6"
592.666924858358,0.318529698969786,0.0625526646389098,5.09218433472857,3.53961715158192e-07,1.01256474472275e-05,"ENSMUSG00000027207","Galk2"
6138.59321837934,-0.259473665431879,0.0509677529626672,-5.0909379038534,3.56296705302558e-07,1.01799681663129e-05,"ENSMUSG00000040097","Flywch1"
226.22596262034,0.455196893214559,0.0895723411108466,5.08189121294986,3.73695423441099e-07,1.06640247792e-05,"ENSMUSG00000049411","Tmem241"
9.67602986632431,-1.25834967046752,0.247660835469653,-5.08093929377746,3.75573136358876e-07,1.07045222491151e-05,"ENSMUSG00000085043",NA
49.6296847237553,1.66551853174636,0.327870101397339,5.07981217149152,3.77808221811402e-07,1.07550942948092e-05,"ENSMUSG00000027315","Spint1"
995.282455293247,0.196474468088203,0.0386841548545454,5.07893913740543,3.79548266497019e-07,1.07914679474299e-05,"ENSMUSG00000030726","Pold3"
2316.21433339705,0.15944003809849,0.0313952707065826,5.07847311108105,3.80480267232745e-07,1.08048064209416e-05,"ENSMUSG00000015127","Unkl"
24.8949327180141,-0.978967114588979,0.193019212934624,-5.07186357101433,3.93938775545956e-07,1.11734056349566e-05,"ENSMUSG00000026023","Cdk15"
77.2605349041489,-0.416619926702934,0.082185355962476,-5.06927203543601,3.9934011939793e-07,1.13128597173615e-05,"ENSMUSG00000077689","Gm22499"
6.87230211759165,-1.39575590857211,0.275742239159526,-5.06181393473277,4.15286219223462e-07,1.17503348064646e-05,"ENSMUSG00000013091","Tmem190"
2949.8434132672,-0.364302953336091,0.072009456686098,-5.05909876426581,4.21242654952843e-07,1.19044398239276e-05,"ENSMUSG00000035011","Zbtb7a"
1699.08067999083,0.153723999756114,0.0303988179533632,5.0569071465855,4.26110576771161e-07,1.20274476343038e-05,"ENSMUSG00000045078","Rnf216"
4.97924583629056,2.2319306261805,0.44150908646321,5.05523146547174,4.29869089706347e-07,1.21188818369749e-05,"ENSMUSG00000037393","Nmur2"
948.879042071967,0.214742376470289,0.0424923501929923,5.05367143721091,4.33396930090573e-07,1.22036001677977e-05,"ENSMUSG00000070426","Rnf121"
198.229290403519,0.483377336879163,0.0958590077467305,5.04258648447829,4.59281062427367e-07,1.29168648677615e-05,"ENSMUSG00000032593","Amigo3"
188.6876744037,0.453760197520004,0.0900125741051319,5.04107567227247,4.6292235458586e-07,1.30036059243053e-05,"ENSMUSG00000070427","Il18bp"
47.8131543309567,-0.656739259308421,0.130602264774087,-5.02854418676763,4.94217635831764e-07,1.38660123476212e-05,"ENSMUSG00000083889",NA
77.2261606904439,-0.409355511828936,0.0814131019101555,-5.02812817868905,4.95290773114012e-07,1.38794387956787e-05,"ENSMUSG00000093787",NA
344.923008118826,-0.274984173595935,0.0547239502248467,-5.02493282129844,5.03608791369419e-07,1.40956115310987e-05,"ENSMUSG00000029233","Srd5a3"
105.495187449127,-0.438058935265674,0.0871859105861302,-5.02442346843323,5.04947104531837e-07,1.41161440252535e-05,"ENSMUSG00000087305","A430035B10Rik"
218.618233548403,0.492611246351176,0.0981076579833481,5.02112940495213,5.13685359384877e-07,1.43432504116282e-05,"ENSMUSG00000042010","Acacb"
13.39314664533,-3.67611622259812,0.733189524934518,-5.01386898964008,5.33463162193358e-07,1.48776948567259e-05,"ENSMUSG00000079014","Serpina3i"
10.2165468170478,-1.21824653305469,0.243225643650976,-5.00870925765888,5.47962764899226e-07,1.52638363019602e-05,"ENSMUSG00000067144","Slc22a7"
733.451370314412,0.248438275238592,0.0496441077928516,5.00438594395215,5.60403804807005e-07,1.55917830936948e-05,"ENSMUSG00000055917","Zfp277"
1060.49699510301,-0.284627478709425,0.0568793960654156,-5.00405240558605,5.61374849448245e-07,1.56002060841314e-05,"ENSMUSG00000038347","Tcte2"
986.695771425201,-0.348660024069125,0.069759107394974,-4.99805741628863,5.79107437024284e-07,1.60547564162207e-05,"ENSMUSG00000001768","Rin2"
77.3965873822843,-0.40762743342347,0.0815556853617536,-4.99814858541586,5.78833768192381e-07,1.60547564162207e-05,"ENSMUSG00000083606",NA
217.314999728855,0.573648345299316,0.114865703422463,4.99407854744511,5.91173356902924e-07,1.63698216728173e-05,"ENSMUSG00000039007","Cpq"
1936.11746888616,-0.191735802173935,0.0384364642935312,-4.98838292486242,6.08867917966897e-07,1.68398149396935e-05,"ENSMUSG00000029518","Rab35"
17.7821347133667,1.76129917550133,0.353116516878133,4.98786970111961,6.10487185694683e-07,1.68646181960603e-05,"ENSMUSG00000095298",NA
1185.33694959396,-0.442905945831954,0.088848931153228,-4.98493274013756,6.19833710380495e-07,1.7102574824364e-05,"ENSMUSG00000022195","6030458C11Rik"
10.8329103449355,1.23842780074859,0.248565689415976,4.98229584162789,6.28342705306783e-07,1.73168875678586e-05,"ENSMUSG00000040340","Saxo5"
286.159428373445,0.275652939767016,0.055448416307548,4.97134017747396,6.64916643605747e-07,1.83032419949162e-05,"ENSMUSG00000019975","Ikbip"
1293.96914975667,-0.258362171792479,0.0520482196347698,-4.96390027565679,6.90914292500029e-07,1.89964809538612e-05,"ENSMUSG00000065818","Snord35a"
24.8871311216713,-0.803005388943133,0.161879426005381,-4.96051542038728,7.03063795557622e-07,1.93077860937665e-05,"ENSMUSG00000056300","Zfp981"
943.160949766057,-0.265140853585721,0.0534585993594273,-4.9597418705839,7.05869112374866e-07,1.93620478145317e-05,"ENSMUSG00000065878","Snord34"
39.4156976493642,0.801405567412637,0.161686912553012,4.9565271224403,7.17643534170977e-07,1.96619166879731e-05,"ENSMUSG00000091570","Gm7707"
768.860983005993,-0.212344382597892,0.0429005358425959,-4.94969068398104,7.43315203733757e-07,2.03180781890036e-05,"ENSMUSG00000030505","Prmt3"
1660.57562453562,0.359478622079541,0.0726265532421571,4.9496858384693,7.4333370918087e-07,2.03180781890036e-05,"ENSMUSG00000100252","Mir124-2hg"
170.404713655388,0.779223882235268,0.157551734916161,4.94582863622493,7.5820637522853e-07,2.07003642303621e-05,"ENSMUSG00000061186","Sfmbt2"
77.9974138789832,-0.392639172454653,0.0794835661080733,-4.93987866524237,7.8171198262753e-07,2.13171761804608e-05,"ENSMUSG00000093561",NA
774.786225634914,-0.315916575020413,0.0640220242267611,-4.93449838295429,8.03570113643033e-07,2.18876746356701e-05,"ENSMUSG00000088219",NA
16.5482407149723,0.792439062179758,0.160678792664118,4.9318211136691,8.14665073910294e-07,2.21640172730629e-05,"ENSMUSG00000086421",NA
3956.78176993447,-0.164622949543637,0.033443825040983,-4.92237204751261,8.55014668844598e-07,2.32347001336897e-05,"ENSMUSG00000031924","Cyb5b"
561.658527242471,-0.384741954548924,0.078177077873194,-4.92141641790435,8.59200954197161e-07,2.33213114811911e-05,"ENSMUSG00000071847","Apcdd1"
772.06216609571,-0.625852325366162,0.127244496138089,-4.91850213063024,8.72089681465917e-07,2.36436578797432e-05,"ENSMUSG00000009076","Zmat5"
82.6252156729494,-0.628801825936727,0.127936578589722,-4.91494952317915,8.88053371823348e-07,2.40485265179494e-05,"ENSMUSG00000060890","Arr3"
1184.8956971847,0.198142750380674,0.0403259061847329,4.91353497359692,8.94487677012106e-07,2.41702211160863e-05,"ENSMUSG00000003662","Ciao1"
316.570910823443,0.59909631521633,0.121928469614191,4.91350639528247,8.94618131529732e-07,2.41702211160863e-05,"ENSMUSG00000031297","Slc7a3"
54.5355136578737,-0.490654549341495,0.0999441079999869,-4.90928939344338,9.14070057954972e-07,2.46387267469318e-05,"ENSMUSG00000074580","4931440P22Rik"
2533.01248866516,-0.672653121487991,0.137013678998936,-4.90938661309293,9.13617057900291e-07,2.46387267469318e-05,"ENSMUSG00000095403","Gm21092"
74.8466488730642,-0.399352344795635,0.081353136354513,-4.90887460140904,9.16005234065935e-07,2.4662410817533e-05,"ENSMUSG00000083718",NA
104.184985709249,0.702581689384478,0.143148970103627,4.90804571542409,9.19884153569884e-07,2.4738313129933e-05,"ENSMUSG00000068758","Il3ra"
753.117568539495,0.190157044386152,0.0388017467587325,4.9007341233512,9.54791990500422e-07,2.56475367482754e-05,"ENSMUSG00000083844",NA
1866.73691366029,-0.165447165046422,0.0337619009876506,-4.90041023184503,9.56367484376482e-07,2.56603289514945e-05,"ENSMUSG00000029432","Nipsnap2"
2210.96945110892,0.286284864848739,0.0584938061899681,4.89427656526544,9.8668003263011e-07,2.64432514370662e-05,"ENSMUSG00000027423","Snx5"
2341.73524313333,0.584477085604861,0.119435347433859,4.89366923748041,9.89731271066624e-07,2.64946067207663e-05,"ENSMUSG00000000159","Igsf5"
349.119863227194,-0.319994753716178,0.0653965240691872,-4.89314620724543,9.92366272938302e-07,2.65347146726217e-05,"ENSMUSG00000055833","1700034H15Rik"
944.730286753533,0.148999249177815,0.0305366036438941,4.87936546301566,1.06427692729874e-06,2.84249614575909e-05,"ENSMUSG00000028901","Gmeb1"
140.870517725911,-0.30930860504139,0.0634162576413706,-4.87743390331515,1.07474844348329e-06,2.86391015025463e-05,"ENSMUSG00000023953","Polh"
70.2426675385678,-0.556691798833987,0.114135305153284,-4.87747238320648,1.07453886874414e-06,2.86391015025463e-05,"ENSMUSG00000085776","5430402O13Rik"
2697.20598858261,-0.228651690259293,0.0469507386261178,-4.87003393237562,1.11579085838505e-06,2.96988665989536e-05,"ENSMUSG00000024120","Lrpprc"
781.81689714579,0.372886433199457,0.076577150674248,4.86942162141395,1.11925366780756e-06,2.97571052023142e-05,"ENSMUSG00000050875","Minar2"
139.819598542315,-0.292199772273933,0.0600367120199816,-4.8670182367196,1.13294578202915e-06,3.00868639248083e-05,"ENSMUSG00000102644","Thap6"
47.4392648630264,-0.682400159451955,0.140516687916453,-4.85636382105513,1.19560938975392e-06,3.17148977102566e-05,"ENSMUSG00000091457",NA
88.6812567105478,0.394516394280641,0.0813040885546892,4.85235615199437,1.22003271571191e-06,3.23260200713543e-05,"ENSMUSG00000084306","Gm11743"
1241.75515907809,0.357503118423858,0.0737354100161477,4.84845908289608,1.24424187851245e-06,3.29300886282495e-05,"ENSMUSG00000038642","Ctss"
54.0217558038909,-1.01171828522061,0.208910765029424,-4.84282504579463,1.28005991876948e-06,3.38396814086477e-05,"ENSMUSG00000028174","Rpe65"
14.5800229980558,-1.38587133840028,0.28625980565938,-4.8413060828013,1.28988511135801e-06,3.40608463285407e-05,"ENSMUSG00000094890",NA
21.0323414189608,0.856549638388384,0.17737145895829,4.82912889942348,1.37131621946891e-06,3.61702084870764e-05,"ENSMUSG00000091813","Ces2h"
355.464893971404,-0.501988036568848,0.104030716996489,-4.82538283943375,1.39734589488746e-06,3.68151751967923e-05,"ENSMUSG00000043773","1700048O20Rik"
112.379808614639,-0.611219622150681,0.126682038083945,-4.82483256028499,1.40120933397643e-06,3.68753432728431e-05,"ENSMUSG00000051113","Garin5a"
24.3638786610885,0.986470587500388,0.204723514806687,4.81855046515725,1.44604952292002e-06,3.80125383035159e-05,"ENSMUSG00000085125","Gm16070"
447.644327824299,0.27407399755573,0.056918477991304,4.81520250062911,1.47050691748706e-06,3.86119718502817e-05,"ENSMUSG00000022040","Ephx2"
48.7543635067403,0.993332164726202,0.206415005333001,4.8123059809712,1.49198690974231e-06,3.91319667799042e-05,"ENSMUSG00000026630","Batf3"
500.055607765723,-0.281148716257959,0.0584351140819513,-4.81129746514513,1.49953641478709e-06,3.92858344897588e-05,"ENSMUSG00000020482","Ccdc117"
449.023322682421,-0.492570734633284,0.102403153906902,-4.81011292954019,1.50845046809912e-06,3.94750664538539e-05,"ENSMUSG00000093511",NA
1344.49968260904,0.148924895722605,0.0309665745594325,4.80921438168052,1.51524631993467e-06,3.9564200051717e-05,"ENSMUSG00000026889","Rbm18"
981.218486558219,0.32492301879495,0.0675596783305024,4.80942222971259,1.51367172212447e-06,3.9564200051717e-05,"ENSMUSG00000090370",NA
275.592727787135,0.510381983497841,0.106156468268412,4.80782746282933,1.52579360915917e-06,3.97950840431314e-05,"ENSMUSG00000039115","Itga9"
988.214944865662,-0.257407308892904,0.05359182732253,-4.8031075212972,1.5622194055638e-06,4.06996513215132e-05,"ENSMUSG00000002395","Use1"
422.747903395271,0.298027914157687,0.0620751631473862,4.80108144782599,1.57811062831383e-06,4.10678220699328e-05,"ENSMUSG00000034278","Dnajc17"
103.801256611187,0.471426075309078,0.0981985683854712,4.80074285256919,1.58078146224125e-06,4.10915163397523e-05,"ENSMUSG00000072591","Fzd10os"
7.89456481460091,1.31497514456753,0.273970489190173,4.79969630471679,1.58906411416389e-06,4.12608716539797e-05,"ENSMUSG00000091378",NA
1881.88459718988,0.194533644581926,0.0405553927756511,4.79673925630726,1.61269304647104e-06,4.18278819819706e-05,"ENSMUSG00000032481","Smarcc1"
2715.1053863336,-0.277309671979361,0.0579344423383853,-4.78661156967114,1.6962066343872e-06,4.39451181648174e-05,"ENSMUSG00000030835","Nomo1"
1042.51752821437,-0.467168964110704,0.0976403590135816,-4.78458875848379,1.71337771647647e-06,4.43407716582152e-05,"ENSMUSG00000055694",NA
9.84104042053446,1.60716664896723,0.336129398851918,4.78139268524757,1.74084927781565e-06,4.50018213643973e-05,"ENSMUSG00000051517","Arhgef39"
598.159449554345,0.323354989779116,0.067681594112349,4.77759121988703,1.77407576315964e-06,4.58100116586674e-05,"ENSMUSG00000079492","H2-T27"
4382.60701816624,-0.149849274147549,0.0314049362510645,-4.77151976840804,1.82841031288448e-06,4.71608640150965e-05,"ENSMUSG00000049550","Clip1"
53.1568021889103,0.790178310862833,0.165770473577865,4.76670117306309,1.87266739313146e-06,4.82490893574699e-05,"ENSMUSG00000040152","Thbs1"
496.186896192566,-0.579079403455289,0.121606917353967,-4.76189526102149,1.9178321998911e-06,4.93075719257229e-05,"ENSMUSG00000060032","H2aj"
10.818715252988,-1.36102354307201,0.285816411853829,-4.76188030716745,1.9179743524207e-06,4.93075719257229e-05,"ENSMUSG00000084390",NA
15.6912810257368,1.99778034633355,0.419604926488693,4.76109840523377,1.92542129355423e-06,4.94445646374438e-05,"ENSMUSG00000082962",NA
135.282091253734,0.321249349772618,0.0675202120591724,4.75782495308347,1.95690078493365e-06,5.01977307941826e-05,"ENSMUSG00000042647","Acad12"
160.735776964341,0.372627542471939,0.0783326858211986,4.75698667249193,1.96504137286783e-06,5.03512192830446e-05,"ENSMUSG00000087481",NA
1001.84755364614,-0.514961488872776,0.108295961860483,-4.75513103190493,1.98317747184771e-06,5.07602102251547e-05,"ENSMUSG00000033032","Afap1l1"
1235.86958582811,-0.281206191379467,0.0591638206796877,-4.75300932476816,2.00411101157994e-06,5.12398284154552e-05,"ENSMUSG00000021738","Atxn7"
12.7350912628923,1.28919526581312,0.271344933291399,4.75113078462624,2.02282240161603e-06,5.16616447712506e-05,"ENSMUSG00000012705","Retn"
3321.23179835873,-0.160335371879778,0.0337685645950571,-4.74806595431205,2.05371070289416e-06,5.23931900958016e-05,"ENSMUSG00000020978","Klhdc2"
562.602401127333,0.262740026296933,0.0554676821072439,4.73681279468175,2.17105542323309e-06,5.53263610748145e-05,"ENSMUSG00000025538","Sumf2"
143.075995921945,0.355613040791667,0.0750854689467284,4.73611000610474,2.17859365146103e-06,5.54451798502356e-05,"ENSMUSG00000004730","Adgre1"
169.595220165974,0.367517519786148,0.0776018831956101,4.73593558109604,2.18046845317724e-06,5.54451798502356e-05,"ENSMUSG00000034639","Setmar"
1755.27628578695,-0.188701646486046,0.0398523377175123,-4.73502076148284,2.19032676382313e-06,5.55747800520906e-05,"ENSMUSG00000040746","Rnf167"
18.0744764998356,0.778208876494593,0.164346803501382,4.73516283806548,2.1887929106324e-06,5.55747800520906e-05,"ENSMUSG00000042638","Gucy2c"
12.003784936724,-1.42622992126678,0.301368501883797,-4.73251156757155,2.21758662468124e-06,5.6205346992328e-05,"ENSMUSG00000030825","Hsd17b14"
1057.5216445287,0.315553272729235,0.0667340163163203,4.72852212630972,2.2615998317203e-06,5.72587037655608e-05,"ENSMUSG00000024539","Ptpn2"
207.039417415565,-0.316202413816366,0.0669382584803192,-4.72379205845838,2.31487115769303e-06,5.85439192134653e-05,"ENSMUSG00000103620",NA
223.020267545136,0.681516070421759,0.144351189788311,4.72123625320437,2.34415460356544e-06,5.92203473063074e-05,"ENSMUSG00000043448","Gjc2"
2006.52378733292,-0.366441395363946,0.0776630200253237,-4.71835109225035,2.3776390523822e-06,6.00013279997381e-05,"ENSMUSG00000037826","Ppm1k"
1202.50580537546,0.187611971033929,0.0397944043847696,4.71453145070148,2.42267583598457e-06,6.10718380554943e-05,"ENSMUSG00000019763","Rmnd1"
956.996978996059,0.197485068720195,0.0418906535139073,4.71429906565272,2.42544211762315e-06,6.10756152661027e-05,"ENSMUSG00000024410","Rmc1"
39.1954769945086,-0.655724689769856,0.13918810617942,-4.71106840784654,2.46421496528851e-06,6.19850969124243e-05,"ENSMUSG00000070469","Adamtsl3"
553.628581431892,-0.297201676961824,0.0630985114738072,-4.71012183996123,2.47568748054673e-06,6.22066446269132e-05,"ENSMUSG00000087502",NA
179.121986487314,0.443793148196174,0.0942418623130332,4.70908720714871,2.48828600070296e-06,6.24559786176443e-05,"ENSMUSG00000042029","Ncapg2"
545.753329956915,0.243316924286118,0.0517198233963893,4.70451962724808,2.54464387063643e-06,6.3801956898245e-05,"ENSMUSG00000047044","D030056L22Rik"
11.5710195690586,-1.34352293210302,0.285827101878594,-4.70047424919728,2.59557986756941e-06,6.50092498376317e-05,"ENSMUSG00000020887",NA
4346.15433313943,0.298875426809146,0.0637465135313791,4.6884984017522,2.75217064690236e-06,6.88573627123707e-05,"ENSMUSG00000023764","Sfi1"
1586.88765271265,0.208505180030289,0.0445847492422273,4.67660317875711,2.91665879423735e-06,7.28946105287822e-05,"ENSMUSG00000035227","Spcs2"
1974.49588733467,-0.360237996488001,0.0770510587095095,-4.67531533662809,2.9350227755157e-06,7.32751194105486e-05,"ENSMUSG00000021699","Pde4d"
9.89007360359061,0.986245335118265,0.211004942527634,4.67403902156984,2.95333180443198e-06,7.36534447765552e-05,"ENSMUSG00000025527","Satl1"
312.162457622024,0.783852705957424,0.16772965816812,4.67331010221069,2.96383742640613e-06,7.3836560346423e-05,"ENSMUSG00000026676","Ccdc3"
105.710708225435,0.438245419646415,0.0938832511662645,4.66798299166584,3.04171073158319e-06,7.56957927583652e-05,"ENSMUSG00000048186","Bend7"
921.351096551733,-0.384530651273301,0.0824008357949696,-4.66658678353813,3.06244332170644e-06,7.60495898495676e-05,"ENSMUSG00000002393","Nr2f6"
65.1074957495076,-0.574915184721303,0.123195625798438,-4.66668504660976,3.06097976900183e-06,7.60495898495676e-05,"ENSMUSG00000078907","Fam186b"
158.906116523644,0.365678135532003,0.0783863276012677,4.66507548857397,3.08503762848993e-06,7.64480184308286e-05,"ENSMUSG00000085095",NA
311.838263626596,0.782622549803922,0.167761228385384,4.66509787354481,3.08470180284074e-06,7.64480184308286e-05,"ENSMUSG00000097770",NA
119.489274390156,-0.394074512034745,0.0845521451325742,-4.66072754767905,3.15093592791063e-06,7.79807890684773e-05,"ENSMUSG00000062438","Adam1b"
32.3721888799756,-1.64243959284099,0.352412850117801,-4.66055534663953,3.15357344302971e-06,7.79807890684773e-05,"ENSMUSG00000090211",NA
177.38099378065,0.333786418824289,0.0716281744404313,4.65998779714647,3.16228130768337e-06,7.81133677939185e-05,"ENSMUSG00000033016","Nfatc1"
2749.6835631392,0.326539101448645,0.0700814820869844,4.65942060191234,3.17100677618551e-06,7.82461006094064e-05,"ENSMUSG00000033910","Gucy1a1"
663.978605992349,0.25857209770935,0.0556299459418382,4.64807386258636,3.35048946941798e-06,8.25876195191383e-05,"ENSMUSG00000040236","Trappc5"
66.9179809961212,-0.73209201845252,0.157554528718918,-4.64659457525714,3.37459457938149e-06,8.30940519688841e-05,"ENSMUSG00000027173","Depdc7"
621.100926420253,0.323171619736621,0.0695976545368048,4.64342687821068,3.42677306841434e-06,8.42899512497324e-05,"ENSMUSG00000085207","Gm11767"
617.37115002854,0.291179282333819,0.06271823175423,4.6426577119528,3.43955906688055e-06,8.45153971559924e-05,"ENSMUSG00000005267","Zfp287"
35.9559325530126,0.605133193232567,0.130419779751422,4.63988817022955,3.48597767319915e-06,8.55659062307968e-05,"ENSMUSG00000081683","Fzd10"
4933.54163864974,-0.348457658101318,0.0751285015566412,-4.6381553056613,3.51532602209997e-06,8.61956463591171e-05,"ENSMUSG00000033597","Caskin1"
2769.86257268951,-0.250100546399235,0.0539277143612957,-4.6376997312301,3.52308101886398e-06,8.62951523854585e-05,"ENSMUSG00000035521","Gnptg"
3783.98333027127,-0.19610051146708,0.0422887179045638,-4.63718270933716,3.53190187416897e-06,8.64205298204678e-05,"ENSMUSG00000018076","Med13l"
278.679348167203,-0.214249518305016,0.0462289376010492,-4.63453259847688,3.57744859274931e-06,8.74433324613059e-05,"ENSMUSG00000097379",NA
2165.75082611571,-0.345494053589892,0.0745552385925796,-4.63406810992727,3.58548941325455e-06,8.7548200181591e-05,"ENSMUSG00000020644","Id2"
18.8781760803535,-0.797078518019692,0.172149341052364,-4.63015724107383,3.65388155184432e-06,8.91249290122277e-05,"ENSMUSG00000103723",NA
1982.67474591905,0.138744527797175,0.0299784415170001,4.62814345163662,3.6895841845731e-06,8.99018409399686e-05,"ENSMUSG00000003778","Brd8"
5450.15835867639,0.183082146012888,0.0395846101550861,4.62508397318052,3.74446667731942e-06,9.11439892061182e-05,"ENSMUSG00000032580","Rbm5"
109.110424403921,-0.349005979184251,0.0754938199112806,-4.62297416655295,3.78276847621373e-06,9.17891523287496e-05,"ENSMUSG00000061371","Zfp873"
352.432674759097,0.266523601827182,0.0576507922076372,4.62306920028542,3.78103516929341e-06,9.17891523287496e-05,"ENSMUSG00000062691","Cebpzos"
229.809214354003,0.457790209740623,0.0990189257422832,4.62325970827148,3.77756281343001e-06,9.17891523287496e-05,"ENSMUSG00000089809","A930011G23Rik"
128.718593305857,-0.458939523590868,0.0993160372206011,-4.62100116390538,3.81892632666522e-06,9.2570298279695e-05,"ENSMUSG00000041471","Shld2"
56.6465895806407,0.401701505530401,0.0869794213297255,4.6183510925833,3.86801399976771e-06,9.35658557477489e-05,"ENSMUSG00000093178","Snord87"
252.089923537528,0.407346156200649,0.0881982097169653,4.61853089204252,3.8646645118682e-06,9.35658557477489e-05,"ENSMUSG00000096696","Zfp960"
164.839569625644,0.440634002474303,0.0954988221970854,4.61402551714142,3.94943905155542e-06,9.54366001868097e-05,"ENSMUSG00000041445","Mmrn2"
16256.8811821143,0.143111835593582,0.0310248181619976,4.61281786878868,3.97246370516087e-06,9.58937127916962e-05,"ENSMUSG00000058793","Cds2"
1529.95781597317,-0.213915300350276,0.0463954809241918,-4.61069259525092,4.01329628864569e-06,9.67519306844107e-05,"ENSMUSG00000030421","Uri1"
170.303359971498,0.332425201507837,0.0721011927238088,4.61053678794506,4.01630556625943e-06,9.67519306844107e-05,"ENSMUSG00000072852",NA
404.016249183446,0.346211520986379,0.0751040054059207,4.60976107885566,4.03131990116565e-06,9.70135056215565e-05,"ENSMUSG00000025597","Klhl4"
461.75065060536,-0.229349537216463,0.049785871542499,-4.6067193384509,4.09071537047667e-06,9.83414715685241e-05,"ENSMUSG00000002846","Timmdc1"
196.980581050917,0.589547689467796,0.12815846508085,4.60014630399854,4.221943108873e-06,0.00010139178805599,"ENSMUSG00000090210","Itga10"
2845.23884451901,-0.223233719724331,0.0485525990810314,-4.59777074656225,4.27035504050911e-06,0.000102449021285307,"ENSMUSG00000033902","Mapkbp1"
259.851529958158,-0.293252536876575,0.0638435351852018,-4.59330041837262,4.36290273604565e-06,0.000104549614353556,"ENSMUSG00000085376",NA
63.9852442845561,0.590541133445401,0.128571062881712,4.59311076854602,4.3668711817126e-06,0.000104549614353556,"ENSMUSG00000097055","Gm4419"
5094.97192682272,-0.299321272095591,0.0652321469335875,-4.5885546646246,4.46325438131453e-06,0.000106747691621952,"ENSMUSG00000000416","Cttnbp2"
4500.97770428965,0.471289063547584,0.102760715725142,4.58627657682102,4.51220778543949e-06,0.000107808051520485,"ENSMUSG00000097875",NA
802.363907558389,-0.232636782859919,0.0507633893094604,-4.58276695123199,4.58863347867924e-06,0.000109521954287126,"ENSMUSG00000090108",NA
128.216577666591,-0.415917146012031,0.0908820614231304,-4.57644929592427,4.72934266911962e-06,0.000112765113304657,"ENSMUSG00000089959",NA
286.577519096936,0.305428599445654,0.066796719341312,4.57250898633213,4.81918548797005e-06,0.000114790047801719,"ENSMUSG00000036983","Tfb1m"
11.1837619128492,-0.926494374059404,0.203032472940701,-4.5632817284849,5.0360163461726e-06,0.000119832547980333,"ENSMUSG00000089719",NA
2474.3464669637,-0.381583227433571,0.0837145727804608,-4.55814578943456,5.1607210621616e-06,0.000122674859219998,"ENSMUSG00000004637","Wwox"
1971.49837571005,-0.241925597670814,0.0530864912753883,-4.5571969790924,5.18408022623926e-06,0.00012310476573866,"ENSMUSG00000028458","Tesk1"
171.020148632788,-0.321570376230694,0.0705688034298495,-4.55683475702346,5.19302459993597e-06,0.000123191842719823,"ENSMUSG00000101337","Dnah7c"
970.936704124653,0.23211643747931,0.0509419940794496,4.55648510965824,5.20167248051884e-06,0.000123271716459646,"ENSMUSG00000027430","Dtd1"
10.91109373261,0.989369138021944,0.217344148087842,4.55208546779958,5.31167475291969e-06,0.000125750936873635,"ENSMUSG00000099794","1700128A07Rik"
27.3547617055641,0.734336137937673,0.161343487341106,4.55138382118374,5.32942234900475e-06,0.000126043268381781,"ENSMUSG00000043832","Clec4a3"
7943.53823076166,0.168377487270586,0.0370145278298651,4.54895677839043,5.39125136209005e-06,0.000127376498527599,"ENSMUSG00000024921","Smarca2"
123.17951824432,-0.386257479389448,0.0850475230647459,-4.54166641743809,5.58113036448014e-06,0.00013172934893636,"ENSMUSG00000028111","Ctsk"
44.3011958707552,0.443473308121516,0.0977240306198514,4.53801695763693,5.67856950377658e-06,0.000133893785784502,"ENSMUSG00000097159",NA
20.6546444616417,-1.02790013936732,0.226522037808705,-4.53774895065779,5.68578900706504e-06,0.000133928731374288,"ENSMUSG00000033053","Cfap95"
725.340462977212,-0.27252784504831,0.0600645910391197,-4.5372463265556,5.69935226211087e-06,0.000134112882917796,"ENSMUSG00000031799","Tpm4"
2529.39538537356,0.311147807121833,0.0685871781228004,4.53653023258582,5.71872948144898e-06,0.000134433335634908,"ENSMUSG00000030621","Me3"
422.919745142875,0.160419289933494,0.0353683410120747,4.53567471198965,5.74196220707018e-06,0.00013484368591513,"ENSMUSG00000038563","Efl1"
334.036847898423,0.981581719731809,0.216634377271761,4.5310524215667,5.86905714386348e-06,0.000137689850160005,"ENSMUSG00000059423","Zfp933"
44.3812012289434,-1.17197374320116,0.258717363857341,-4.52993848471416,5.90008626465549e-06,0.000138140134078087,"ENSMUSG00000044726","Erich5"
23.5666415783766,2.10614749925091,0.46493509864222,4.52998172304399,5.89887892172132e-06,0.000138140134078087,"ENSMUSG00000050824","Sstr5"
1400.87705106809,0.275236680817798,0.0607897758520908,4.52768046862821,5.9634665148507e-06,0.000139447673315646,"ENSMUSG00000020455","Trim11"
218.359985166552,-0.517142550715389,0.114221932590705,-4.52752408391201,5.96788012005012e-06,0.000139447673315646,"ENSMUSG00000041144","Dnah7b"
473.175871054247,-0.667889480608249,0.147550734256348,-4.52650733304986,5.99665194322735e-06,0.000139979846310756,"ENSMUSG00000091177",NA
748.237145624109,-0.212537868603517,0.0469692547828598,-4.52504238327999,6.0383403414145e-06,0.000140812166423216,"ENSMUSG00000030104","Edem1"
351.11144056122,-0.26526910624007,0.0586598751639901,-4.52215599672657,6.12129187777128e-06,0.000142604108086642,"ENSMUSG00000100868",NA
10560.4615867001,-0.196066878061806,0.0434037097834944,-4.51728386904767,6.26379088338963e-06,0.000145778335584211,"ENSMUSG00000033065","Pfkm"
26.7327006223866,0.6735017079709,0.149167299911884,4.51507608147864,6.32940384580246e-06,0.000147158639414907,"ENSMUSG00000085189",NA
553.036550902646,-0.510220391344798,0.113061489325918,-4.51276906386758,6.3986682148604e-06,0.000148621007103966,"ENSMUSG00000025324","Atp10a"
40.0917509790536,0.86660966838388,0.192073331318638,4.51186878695943,6.42589376646487e-06,0.000149105008141739,"ENSMUSG00000062593","Lilrb4a"
1634.42476918361,-0.411139273022902,0.0912927970704181,-4.5035236756496,6.68359180394717e-06,0.000154930569493087,"ENSMUSG00000047037","Nipa1"
189.475396529871,-0.368817006132492,0.0819710048684054,-4.49935933717761,6.81585617611376e-06,0.000157839812221254,"ENSMUSG00000035142","Nubpl"
10800.2191207823,0.239400597069912,0.0532799199733595,4.49326119839547,7.0140666718557e-06,0.000162268937880206,"ENSMUSG00000015709","Arnt2"
215.820230967063,0.284922513336652,0.0634940943633921,4.48738605051945,7.21023534564939e-06,0.000166642102647023,"ENSMUSG00000052415","Tchh"
389.411810160909,0.50397418481457,0.112381494872451,4.48449440351868,7.30870242219849e-06,0.000168750782038951,"ENSMUSG00000063087","Gm10125"
2292.37195209296,-0.285622719790166,0.0637034415449953,-4.4836309132282,7.33835467822024e-06,0.00016926799728626,"ENSMUSG00000040447","Spns2"
4809.98303583199,0.319502203435167,0.0713580483243855,4.47745154103356,7.5539366873545e-06,0.000174068651621832,"ENSMUSG00000025085","Ablim1"
7.90849108349846,1.24837355667527,0.278881168710443,4.47636375897232,7.59250804255988e-06,0.000174784926269699,"ENSMUSG00000083811",NA
708.318009877255,0.291973842230712,0.0652348083525282,4.47573695093711,7.61481929573134e-06,0.00017512583923178,"ENSMUSG00000095123",NA
264.796793313484,0.328712132063141,0.0734566304958637,4.47491437933095,7.64419388812242e-06,0.000175628364104765,"ENSMUSG00000086924",NA
240.830216245586,0.438815498429911,0.0980761054669376,4.47423453797153,7.66855323120972e-06,0.000176014786702191,"ENSMUSG00000028766","Alpl"
322.041019955203,-0.565161704025786,0.126339604877154,-4.47335342369735,7.70023481557155e-06,0.000176568350982207,"ENSMUSG00000029442","Cfap251"
75.8103378049647,0.544079484552796,0.121740058734574,4.46919025839339,7.851626839555e-06,0.000179863125923192,"ENSMUSG00000080717","B230307C23Rik"
42.625631178047,0.520253493353102,0.116455496176247,4.46740180099132,7.91753356490789e-06,0.00018119508431926,"ENSMUSG00000025588","Nat1"
279.274354687076,-0.936796127196846,0.209711585076215,-4.46706903129069,7.92985473025136e-06,0.000181299313387128,"ENSMUSG00000072612","Gm10382"
642.390255902563,0.294924159985189,0.0660404971524233,4.46580768925007,7.97672393825952e-06,0.000182192433356939,"ENSMUSG00000034573","Ptpn13"
159.401489018966,-0.83911547110798,0.188177471454243,-4.45917072125192,8.22773680459866e-06,0.000187741994359478,"ENSMUSG00000049892","Rasd1"
172.545657588861,-0.416196691213185,0.0933560735626129,-4.45816405221934,8.26646273696789e-06,0.000188441444989298,"ENSMUSG00000073532",NA
6.9688151393345,-1.38343098711962,0.310641686672755,-4.45346212846504,8.44966176735826e-06,0.000192429711839457,"ENSMUSG00000087326",NA
11.3323175188814,1.70080085041952,0.381980288605884,4.45258800297508,8.48414497099545e-06,0.000193026701810864,"ENSMUSG00000034151","Zbbx"
27.2429999696877,0.821185385762509,0.184488984263678,4.45113505849672,8.54175965629695e-06,0.000194148291778909,"ENSMUSG00000090342",NA
118.501253940248,0.369881688338028,0.0831114980936256,4.45042739960426,8.5699562091628e-06,0.000194599696294248,"ENSMUSG00000038570","Saxo2"
901.859027801349,-0.267728835347301,0.0602698856157785,-4.44216597745144,8.90578188597229e-06,0.000202028830480322,"ENSMUSG00000041912","Tdrkh"
1123.2207377236,-0.240870894243329,0.05425733343388,-4.43941637008135,9.02031570075927e-06,0.000204428378060994,"ENSMUSG00000028459","Cd72"
10.0315717329237,-1.22830361294779,0.276781157486623,-4.43781514645612,9.08766108597918e-06,0.000205754871707092,"ENSMUSG00000085658",NA
21.4071461428384,0.666834919295439,0.150269971488295,4.43757932932981,9.09761974273027e-06,0.000205780753541233,"ENSMUSG00000093073","Mir124a-2"
958.121565509931,-0.218989843625146,0.0494212062681976,-4.43109062204468,9.37576734970677e-06,0.000211866928600392,"ENSMUSG00000022799","Arhgap31"
3129.13161223963,-0.251479888398651,0.0567870330240989,-4.42847380830638,9.49022406614685e-06,0.000214245938468149,"ENSMUSG00000021097","Clmn"
859.293618131873,0.202777761339812,0.0458122280066719,4.42628027849421,9.58719402471735e-06,0.000216225961467611,"ENSMUSG00000035762","Tmem161b"
881.0074648662,-0.298089874861693,0.0674800903020879,-4.41744925839955,9.98725061382076e-06,0.000225031265519708,"ENSMUSG00000053347","Zfp943"
3255.72418091476,-0.283781820865382,0.064265815512877,-4.4157507160011,1.00660034409485e-05,0.00022658699934625,"ENSMUSG00000023861","Mpc1"
24.7854644587325,0.957957273828247,0.21708652376877,4.4127901502012,1.02046897518673e-05,0.000229487546125086,"ENSMUSG00000005640","Insrr"
262.755356694187,0.284520405234512,0.06451532488458,4.41012125016077,1.03312755601698e-05,0.000232110650049127,"ENSMUSG00000097080","1700086O06Rik"
17.7311312208897,0.754053208235862,0.171023194129069,4.40906984620335,1.03815541822771e-05,0.000233015980073937,"ENSMUSG00000092464","Gm8902"
40.0075617244274,0.480705485715175,0.109133168218043,4.40476065676705,1.05900736196028e-05,0.000237467904421122,"ENSMUSG00000082769","Gm15793"
11.5370560439829,-1.09064727576676,0.248069239365318,-4.39654379784115,1.09988175481861e-05,0.00024630048429325,"ENSMUSG00000021101",NA
31.0928217668124,0.880285136112878,0.200227700849926,4.39642033732718,1.10050724036268e-05,0.00024630048429325,"ENSMUSG00000067049","Unc93a"
212.329163682002,-0.566039051039973,0.128940741257108,-4.38991621671609,1.1339434197696e-05,0.000253540624977794,"ENSMUSG00000095766",NA
156.142338977467,0.533027495792217,0.121555696691426,4.38504743340271,1.15960507409874e-05,0.000259030251145328,"ENSMUSG00000026395","Ptprc"
130.15875115174,0.77068122676585,0.175790190296015,4.38409689111829,1.164679308435e-05,0.000259915000925414,"ENSMUSG00000024376","Epb41l4a"
14025.9523958185,-0.147415928262656,0.033645183109643,-4.38148687680659,1.17872144601645e-05,0.000262797466230773,"ENSMUSG00000022456","Septin3"
34.8526983273902,0.69600478454281,0.159116208292385,4.37419161763749,1.21883285733964e-05,0.000271481062870984,"ENSMUSG00000020673","Tpo"
813.271021612723,-0.219092905521652,0.0500962163051934,-4.37344218147946,1.22302647286904e-05,0.000272155452394489,"ENSMUSG00000026048","Ercc5"
68.0456353397552,0.671115585447478,0.153502603303336,4.37201435679425,1.23105428059856e-05,0.000273680953066783,"ENSMUSG00000074796","Slc4a11"
225.003659687806,-0.299717325936393,0.0685605778722172,-4.37156942426892,1.23356613040874e-05,0.000273978441314284,"ENSMUSG00000028141","Oaz3"
57.0204919023884,0.445147844815441,0.101902631697393,4.36836455938977,1.25180410674983e-05,0.000277764859922635,"ENSMUSG00000071713","Csf2rb"
2538.36142731121,0.210691613706299,0.048249909855635,4.36667372719854,1.26152954896563e-05,0.000279426056257486,"ENSMUSG00000028194","Ddah1"
6.73980751177596,1.1513737030725,0.263674563637242,4.36664685129256,1.26168471616926e-05,0.000279426056257486,"ENSMUSG00000089795","Hmgb3-ps"
12.2234279228908,1.22454973681459,0.280509481502891,4.3654486481305,1.26862103902426e-05,0.000280695932833587,"ENSMUSG00000087027",NA
11.1314642795166,-1.33040953444482,0.304881380255562,-4.36369558983767,1.27883497838403e-05,0.000282687925193357,"ENSMUSG00000069041","Slc25a31"
2986.11480449893,0.270316400552695,0.0620897011815623,4.3536431229108,1.33893611071051e-05,0.000295474427157896,"ENSMUSG00000024621","Csf1r"
718.592817745138,0.199916819496725,0.0459199058830728,4.35359819782251,1.33921065815471e-05,0.000295474427157896,"ENSMUSG00000072437","Nanos1"
90.9130611991919,-0.477205588487482,0.109639677867126,-4.35248988113424,1.34600086356768e-05,0.000296692145026065,"ENSMUSG00000006360","Crip1"
823.223693215295,-0.197889402719717,0.0454729611990367,-4.35180374230631,1.35022100326119e-05,0.000297341593199301,"ENSMUSG00000074918","Inafm2"
41.1416711657907,-0.604072321772835,0.138835922551874,-4.35097999616872,1.35530417862319e-05,0.00029817969313479,"ENSMUSG00000041644","Slc5a12"
189.643218085901,0.293964382485318,0.0675976092053164,4.34873934065405,1.36922334487424e-05,0.000300958385493403,"ENSMUSG00000074634","Tmem267"
44.0269788175051,-0.740209993094237,0.170222454082424,-4.34848620344656,1.37080440252823e-05,0.000301022456897615,"ENSMUSG00000024526","Cidea"
25.6275545279456,0.70023206354093,0.161151560287675,4.34517706369664,1.39163364553655e-05,0.000305309249884958,"ENSMUSG00000071715","Ncf4"
179.350436833768,-0.637946160017395,0.146963593345312,-4.34084486841888,1.4193590843519e-05,0.000311099522122313,"ENSMUSG00000030340","Scnn1a"
1778.33200111033,-0.261420428291416,0.0602320603266738,-4.34022058806521,1.423397556716e-05,0.000311692018446733,"ENSMUSG00000063406","Tmed5"
202.093234108897,0.614669853115651,0.141640651803378,4.3396429294107,1.42714419274018e-05,0.000312219558492352,"ENSMUSG00000029304","Spp1"
174.552530858674,-0.520180147805454,0.119892291101476,-4.33872889596529,1.433091743065e-05,0.000313227158786201,"ENSMUSG00000044548","Dact1"
66.422905299465,-0.358177357062928,0.0825610627447314,-4.33833268559501,1.4356771929949e-05,0.000313498715772497,"ENSMUSG00000041859","Mcm3"
415.181447690966,0.230603317335428,0.0531729739528914,4.33685197934822,1.44537889453022e-05,0.000315322238645037,"ENSMUSG00000048120","Entpd1"
4393.26477616325,-0.300557340189642,0.069323227175982,-4.33559360164603,1.4536729960008e-05,0.00031683556251771,"ENSMUSG00000066129","Kndc1"
9.89325834758437,0.996652810231593,0.230001223649489,4.33325003414088,1.46924082090749e-05,0.000319929929873541,"ENSMUSG00000085004","5430427M07Rik"
12.2304418301123,1.95871274112128,0.452042314803116,4.33302962350856,1.4707131135379e-05,0.000319952061596599,"ENSMUSG00000081477",NA
653.499047459324,0.180196317489258,0.0416109955059552,4.33049763165289,1.48772746314701e-05,0.000323352161752705,"ENSMUSG00000015711","Prune1"
56.9833801990625,-0.516347488983448,0.11939781146203,-4.32459760074958,1.52810538829581e-05,0.000331819200734783,"ENSMUSG00000084882",NA
84.9999417755775,-0.325587220231491,0.0753169466275405,-4.32289457831575,1.53995328906966e-05,0.00033408113036016,"ENSMUSG00000043068","Fam89a"
2810.05743441904,0.404997326410375,0.0937686374318596,4.3191128452163,1.56657668832466e-05,0.00033954131509343,"ENSMUSG00000070003","Ssbp4"
318.106723831237,-0.223817928756676,0.0518817266025813,-4.31400308766015,1.60324705253445e-05,0.00034716693828675,"ENSMUSG00000002797","Ggct"
114.170325167701,-0.426251072087667,0.0988186677173962,-4.31346710023119,1.60714065386441e-05,0.000347687528110814,"ENSMUSG00000066438","Plekhd1"
797.365544135305,-0.293589475920551,0.0680951429979101,-4.31145986329101,1.62180216170821e-05,0.000350534517229211,"ENSMUSG00000024170","Telo2"
32.670828242183,-0.632462110314112,0.146757356846836,-4.30957686826006,1.6356719924288e-05,0.000353205285099589,"ENSMUSG00000074151","Nlrc5"
45.0267109287209,0.665667905688096,0.15452097365721,4.30794532245711,1.64778103971647e-05,0.000355491245934396,"ENSMUSG00000079669","Gm17396"
57.399672365654,-0.443173436607388,0.102891025543656,-4.30721177348311,1.65325311050313e-05,0.000356342450216755,"ENSMUSG00000038180","Spag4"
9.88796920279719,1.06370258896763,0.247455499196053,4.29856112482223,1.71910493500206e-05,0.000370194340385175,"ENSMUSG00000025610","Map3k7cl"
48.0430451278355,-0.797731637626281,0.185718997976073,-4.29536905927661,1.74402953429602e-05,0.000375215496949972,"ENSMUSG00000102574",NA
548.083592465838,0.339260774976893,0.0791045579453027,4.28876393205403,1.79670209127985e-05,0.000386191684316257,"ENSMUSG00000022863","Btg3"
5142.18013393952,-0.194301315115305,0.0453247361104672,-4.28687140376828,1.81207120945336e-05,0.000389136874353909,"ENSMUSG00000060240","Cend1"
151.194617380185,-0.572292609112807,0.133600866358565,-4.2835995357759,1.83893774323469e-05,0.00039454341673095,"ENSMUSG00000021278","Amn"
14.6664190111308,1.08327958746703,0.2531034021859,4.27998825030167,1.86903180461889e-05,0.000400631858725609,"ENSMUSG00000092584",NA
61.0487356659361,-0.501291061663624,0.117199855299616,-4.27723276946117,1.89230908050759e-05,0.000405249274002648,"ENSMUSG00000029828","Spmip4"
118.497358916632,-0.327335425567153,0.0765608306696006,-4.27549469754023,1.90713340391338e-05,0.000408049633799725,"ENSMUSG00000053574","4930563E22Rik"
3803.10208910779,-0.177820613398405,0.0416062068512743,-4.27389629710882,1.92086402634557e-05,0.000410611071126234,"ENSMUSG00000054942","Miga1"
4219.05473101085,0.238124293097701,0.0557831747881423,4.26874759283724,1.96573551810685e-05,0.000419818519663021,"ENSMUSG00000075232","Amd1"
28.5728254795011,-0.985194291538288,0.230813188802423,-4.26836220516679,1.96913406596868e-05,0.000420159931461673,"ENSMUSG00000043110","Lrrn4"
116.707531852202,-0.448163143834494,0.105104003691424,-4.26399688017844,2.00802248379121e-05,0.000428066382092585,"ENSMUSG00000084407",NA
429.678600892544,-0.290709898134203,0.0681882806015708,-4.26334108397368,2.01392744348603e-05,0.00042893347001181,"ENSMUSG00000031807","Pgls"
149.372561722028,0.359025128380012,0.0842305540288009,4.26240967448998,2.02234252250057e-05,0.000430333103944676,"ENSMUSG00000096025",NA
23.2616756092998,-0.66752068942881,0.15666669606191,-4.2607695586114,2.03724205598741e-05,0.000433108755126723,"ENSMUSG00000063838","Cdc42ep5"
39.9848359023055,-0.55002983985586,0.129135807427315,-4.25931312789019,2.05056047860295e-05,0.00043554352367633,"ENSMUSG00000078963","Hsbp1l1"
11.4790111242189,0.998072212597346,0.234402919806624,4.25793421609563,2.06324639348401e-05,0.000437839641482701,"ENSMUSG00000083015",NA
586.801428469121,-0.28668019956479,0.0673318675796743,-4.25771941088013,2.06522930439572e-05,0.000437862376498722,"ENSMUSG00000027227","Sord"
401.726969989254,-0.481706478269218,0.113143696999029,-4.25747514926396,2.06748633808571e-05,0.000437943136024817,"ENSMUSG00000034282","Evpl"
53.6560274865068,-0.68597588496047,0.161148036932832,-4.25680571738142,2.07368408753892e-05,0.000438857730330199,"ENSMUSG00000033196","Myh2"
659.538364034661,0.399944280767655,0.0940091960960146,4.2543101885392,2.09694449056901e-05,0.000443378398943409,"ENSMUSG00000027962","Vcam1"
457.126805877724,0.354334463411847,0.0834250907832923,4.24733686334579,2.16326575365768e-05,0.000456987443326979,"ENSMUSG00000098196",NA
9.06125483675026,-1.08587340273148,0.255722634408161,-4.24629366596587,2.17335737328279e-05,0.000458704169661304,"ENSMUSG00000086677",NA
6552.02571296911,0.220584874848765,0.051953664185976,4.24580014335751,2.17814718219696e-05,0.000459299816386845,"ENSMUSG00000027298","Tyro3"
1357.07724170548,-1.11686907066592,0.263226781927397,-4.24299177495539,2.20559522457885e-05,0.000464667954217907,"ENSMUSG00000009075","Cabp7"
576.648324298373,0.25330491538438,0.0597167625938491,4.24177239994036,2.21761521007142e-05,0.000466713449591999,"ENSMUSG00000020083","Fam241b"
13.2008849399594,0.758803031667856,0.178895400921279,4.2416016720394,2.2193031274777e-05,0.000466713449591999,"ENSMUSG00000083429",NA
4.68854247614464,-2.64823002549984,0.624457107975159,-4.24085176015834,2.22673169401018e-05,0.000467854166816199,"ENSMUSG00000046764","A530053G22Rik"
612.574027954274,0.525361312102765,0.124081945340882,4.23398674689919,2.29584480231169e-05,0.00048194159370829,"ENSMUSG00000015568","Lpl"
621.136222358287,-0.415427842383434,0.0982356598874711,-4.22889043407767,2.34846675773668e-05,0.000492545009216957,"ENSMUSG00000058328","Xlr5a"
155.98983716422,0.547443630500181,0.129503273351161,4.22725709037278,2.36557330695246e-05,0.00049568741206635,"ENSMUSG00000039529","Atp8b1"
903.306412032878,0.132353875931566,0.0313136379073721,4.22671668884586,2.37125916693371e-05,0.000496433208374291,"ENSMUSG00000022898","Vps26c"
18.8025495382312,-0.664478311777184,0.157323568666958,-4.22364123447919,2.40386609478524e-05,0.000502808658159246,"ENSMUSG00000098880",NA
1749.22733019127,0.213783996683597,0.0506356873417194,4.22200246322038,2.42141463101734e-05,0.000506025798852621,"ENSMUSG00000090862","Rps13"
76.9111132929574,0.701625768181326,0.166213835904622,4.22122360850836,2.42979754402999e-05,0.000507323471111736,"ENSMUSG00000096701","Gm9285"
1924.35718560424,-0.188943072360132,0.0447650899792063,-4.22076829171789,2.43471095791587e-05,0.000507895066046739,"ENSMUSG00000027533","Fabp5"
392.798959472043,-0.25506611396545,0.0604763756557982,-4.21761574167673,2.46899095796985e-05,0.000514586213677591,"ENSMUSG00000090458",NA
177.97689518825,0.375699242638292,0.0891899618155106,4.2123489571105,2.52728707130995e-05,0.000526266388096238,"ENSMUSG00000052085","Dock8"
736.332532366471,-0.268167049562795,0.0636816125027724,-4.21105934701513,2.54175955631702e-05,0.000528808318387773,"ENSMUSG00000036180","Gatad2a"
54.5312813185621,-0.377593465320555,0.0896761398170676,-4.21063469157812,2.5465424261641e-05,0.000529331610453683,"ENSMUSG00000086719",NA
15.2400025842181,-1.99043854976695,0.472764119657694,-4.21021491903433,2.55127871289113e-05,0.00052943704456254,"ENSMUSG00000053182","Cd200l1"
1491.12886490352,0.221747997503995,0.0526693848060302,4.21018772709505,2.55158580787755e-05,0.00052943704456254,"ENSMUSG00000062590","Armc9"
1622.88799369039,-0.230733114811632,0.0548117181800277,-4.20955814692389,2.55870587561384e-05,0.00053044290634506,"ENSMUSG00000020607","Lratd1"
85.3734392319579,0.357539785212059,0.0849916617359912,4.20676308603874,2.59054467186699e-05,0.000536566852487943,"ENSMUSG00000085287","4833418N02Rik"
607.259350425598,-0.440067817165888,0.10469197878938,-4.20345304630474,2.62873701285357e-05,0.000543994752580149,"ENSMUSG00000003573","Homer3"
104.613363785093,0.352652733061664,0.0839431031354709,4.2010924053229,2.65630135907397e-05,0.000549212069307916,"ENSMUSG00000032436","Cmtm7"
1799.78593935277,-0.252437581501872,0.0601648187051283,-4.19576734269049,2.71949296830498e-05,0.000561779861585338,"ENSMUSG00000052488","Cherp"
15.9988577109174,-0.929708266142942,0.22178992694398,-4.19184170784172,2.76699035291033e-05,0.000571086258249211,"ENSMUSG00000093994",NA
1113.09556469586,-0.164780999801891,0.0393124926133181,-4.19156835010933,2.77032699411084e-05,0.000571269814695488,"ENSMUSG00000040234","Tm7sf3"
1594.75938770299,-0.666431968090554,0.159019766548162,-4.19087502489014,2.77880697951961e-05,0.000572512721296789,"ENSMUSG00000042834","Nrep"
260.814664286747,0.27599758116376,0.0659049242771336,4.18781425198481,2.81653880028235e-05,0.00057977482552902,"ENSMUSG00000066838","Zfp772"
918.061327830525,0.142539969341355,0.0341077114610988,4.17911267673083,2.92648673860173e-05,0.000601876475235069,"ENSMUSG00000038398","Upf3a"
162.193813762503,0.299332476047958,0.0716389807346148,4.17834638319086,2.93636221252253e-05,0.000603375907807336,"ENSMUSG00000027306","Nusap1"
5085.80211118589,-0.231831622455256,0.0555284899546382,-4.17500318565554,2.97981883856533e-05,0.000611767028571948,"ENSMUSG00000002341","Ncan"
194.387140768638,-0.738209166669203,0.176847488221924,-4.17427001136047,2.98943040579866e-05,0.000613201001428454,"ENSMUSG00000078867","Gm14418"
329.0103520478,0.852710922090218,0.204408911629483,4.17159367119895,3.02476664998745e-05,0.000619904547064592,"ENSMUSG00000027318","Adam33"
7184.16300064452,0.159514947204029,0.0382452629839879,4.17084194899673,3.03476297027055e-05,0.000620863032559382,"ENSMUSG00000031166","Wdr13"
1559.1575828703,0.20498313560617,0.0491458049615662,4.17091826589217,3.03374668635955e-05,0.000620863032559382,"ENSMUSG00000054226","Tprkb"
10.483050279679,1.11878411488745,0.268393594803413,4.16844565797822,3.06683856466887e-05,0.000626875767207227,"ENSMUSG00000053441","Adamts19"
1209.37829657187,-0.246445030230226,0.0591592533485292,-4.1657900713913,3.10276124423634e-05,0.000633663654629999,"ENSMUSG00000041199","Rpusd1"
374.68667917018,0.224204467113859,0.0538255378438649,4.16539204427874,3.10817977464137e-05,0.000634215388806411,"ENSMUSG00000020009","Ifngr1"
323.325800025828,0.445963969154483,0.107318896750599,4.15550273677217,3.24573059473069e-05,0.000661703836443655,"ENSMUSG00000038879","Nipal2"
600.8636426856,-0.659620959536964,0.158761822750779,-4.1547832350881,3.25596066485142e-05,0.000663210207675626,"ENSMUSG00000074449","Potefam3a"
1219.76697103811,-0.301942061458964,0.0727261451816268,-4.15176771304036,3.29917034954268e-05,0.000671425749515037,"ENSMUSG00000034912","Mdga2"
1729.43928396786,-0.329585667238324,0.0794162298538996,-4.15010468067617,3.32323256985988e-05,0.000675733605211143,"ENSMUSG00000064293","Cntn4"
9.82017379301486,0.911100576488389,0.219587777526191,4.1491406614365,3.337257080487e-05,0.000677994708701549,"ENSMUSG00000104510",NA
12.7443283828321,1.00966460751183,0.243588194525023,4.1449652742022,3.39865210663477e-05,0.0006898672706537,"ENSMUSG00000097259","Gm26766"
130.269846594746,-0.427571066944488,0.103184372671826,-4.14375797296709,3.41660328833375e-05,0.000692908519197,"ENSMUSG00000051341","Zfp52"
3140.38702637235,-0.36893912725648,0.0890896364434547,-4.14121262567556,3.45474518577192e-05,0.000700035736731545,"ENSMUSG00000051726","Kcnf1"
12.1718977232696,1.10337917021754,0.266452853978844,4.14099212577828,3.45806833086584e-05,0.000700101379422388,"ENSMUSG00000091648","C2cd4d"
160.584720211286,0.28335196628771,0.0684415256661684,4.14005917503641,3.47216241989954e-05,0.000702345644434273,"ENSMUSG00000041840","Haus1"
119.837604644026,0.727934365558104,0.175917077115562,4.13794031536754,3.5043749572818e-05,0.000708247832275576,"ENSMUSG00000008845","Cd163"
119.489748059537,0.458489075901203,0.110942782267931,4.13266249979142,3.58585077238885e-05,0.000724087496365682,"ENSMUSG00000100417","Gm29595"
2746.07154212524,0.136560368415295,0.0330697388885756,4.12946618282708,3.63606477144751e-05,0.000733592566636986,"ENSMUSG00000037712","Fermt2"
28.7079849602616,-0.813137432074475,0.196975230304605,-4.12812022515231,3.65740885210129e-05,0.000737261613424874,"ENSMUSG00000079505",NA
103.869723692367,-0.49847768196294,0.120763754539174,-4.12770937658484,3.66394771539564e-05,0.000737942463507165,"ENSMUSG00000019312","Grb7"
3657.94760144025,0.36425454661296,0.0882818426461234,4.12604150179635,3.69060695412191e-05,0.000742671018362652,"ENSMUSG00000015143","Actn1"
20.7898852242996,0.656007277332973,0.159196583776826,4.12073715257994,3.77662096425531e-05,0.000759325264156863,"ENSMUSG00000039335","Spata16"
2222.87675204726,0.419532521010865,0.101853627524796,4.11897476021392,3.80561823791197e-05,0.000764496958068667,"ENSMUSG00000061353","Cxcl12"
316.700952121415,-0.338942133982601,0.0823042428766649,-4.11816113162616,3.81907635321749e-05,0.000766540836742526,"ENSMUSG00000062309","Rpp25"
97.9332512562994,-0.998326035480149,0.242515607456195,-4.11654345034464,3.84596851132537e-05,0.000771275283160379,"ENSMUSG00000097198",NA
177.213999689057,-0.348509368907984,0.0847006518811079,-4.11460078721918,3.87850068187735e-05,0.000777131685983373,"ENSMUSG00000085818",NA
56.1943538192278,0.67908833172592,0.165065073996723,4.11406432192554,3.88753034182968e-05,0.000778272905397343,"ENSMUSG00000030208","Emp1"
141.649121315338,-0.340093498414907,0.0828763124369732,-4.10362730211417,4.06722486731072e-05,0.000813549529371329,"ENSMUSG00000041842","Fhdc1"
293.843324214952,-0.312572720075531,0.076226592717485,-4.1005731586876,4.12128117740501e-05,0.000823656391474016,"ENSMUSG00000029162","Khk"
700.207139147506,0.724361245964837,0.176674835012008,4.09996843022723,4.13206501303235e-05,0.000825105163380789,"ENSMUSG00000078137","Ankrd63"
78.5974018900333,-0.399436006638649,0.0974418994646951,-4.09922229382824,4.14540740800803e-05,0.000827061924146422,"ENSMUSG00000048779","P2ry6"
192.74952490122,-0.339377411349947,0.0828279125241027,-4.09737974805521,4.17853110360525e-05,0.00083224788013189,"ENSMUSG00000024565","Sall3"
1863.64461643859,-0.519817213006457,0.126862379290437,-4.09748907370243,4.17655875408326e-05,0.00083224788013189,"ENSMUSG00000055078","Gabra5"
13.030072183743,0.934643502229686,0.228161130344635,4.09641861792109,4.19590897778576e-05,0.000834285377073706,"ENSMUSG00000092523",NA
30.3082962225911,0.883007202776561,0.215550016530467,4.09653043404778,4.19388374861124e-05,0.000834285377073706,"ENSMUSG00000102700",NA
802.569786481319,0.255108356439553,0.0624205338750497,4.08693006295357,4.37118816224669e-05,0.000868396981032548,"ENSMUSG00000031207","Msn"
48.5045584200126,0.422123544766912,0.10335239443756,4.08431316046515,4.42073794988556e-05,0.000877493928266826,"ENSMUSG00000026226","Spata3"
1280.51622247861,0.146636238944363,0.0359482223969173,4.07909568727209,4.52112262879549e-05,0.000896657311163747,"ENSMUSG00000019143","Hars2"
1425.90704381792,-0.235525685035382,0.0578094260475008,-4.07417442342112,4.61778638872637e-05,0.000915050829134463,"ENSMUSG00000041231","Ublcp1"
46.9683012946864,-1.32728614269554,0.325917153574251,-4.07246482162578,4.65182277417593e-05,0.000921013562490151,"ENSMUSG00000057836","Xlr3a"
79.8541129889857,-0.444581756933896,0.10918296529299,-4.07189670788727,4.66318588930704e-05,0.000922480917068595,"ENSMUSG00000039110","Mycbpap"
641.769465167931,0.494703596714579,0.121507886840916,4.07137025897149,4.67373913754481e-05,0.000923785712851045,"ENSMUSG00000090063","Dlx6os1"
1040.06090352781,0.128378657820485,0.0315354407855101,4.07093272276289,4.6825272609039e-05,0.000924739711093737,"ENSMUSG00000014748","Tex261"
201.786015150594,-0.339988221715507,0.0835238186834887,-4.07055408953323,4.69014493427946e-05,0.000925461142864627,"ENSMUSG00000103853",NA
99.6646474660852,0.307328165049548,0.0755147500937475,4.06977662864562,4.70582342158931e-05,0.000927770575423643,"ENSMUSG00000005803","Sqor"
329.813135043218,-0.246963072143026,0.0606967079424346,-4.06880505574121,4.7254862854842e-05,0.000930860981958292,"ENSMUSG00000029468","P2rx7"
4191.41955379913,-0.0937250599444557,0.0230416763847518,-4.06763198907175,4.7493308296658e-05,0.000934769220547123,"ENSMUSG00000089682","Bcl2l2"
97.6933556359479,0.769453580173912,0.189199590405256,4.06688819212442,4.76450879833371e-05,0.000936966544898936,"ENSMUSG00000025938","Slco5a1"
44.3322142371917,0.52520176117126,0.129179116261032,4.06568628407386,4.78913225304267e-05,0.000940606645097876,"ENSMUSG00000027399","Il1a"
57.9662742711191,0.352001360580813,0.0865806008299729,4.06559156677687,4.79107784355642e-05,0.000940606645097876,"ENSMUSG00000098712","Mir7010"
992.002661685147,0.43166043951913,0.106243200845835,4.06294648582261,4.84571416822357e-05,0.000950533662427251,"ENSMUSG00000032500","Dclk3"
17.259056213232,0.795220140038978,0.195879213744056,4.05974745782902,4.91258200716176e-05,0.00096284132487974,"ENSMUSG00000081005",NA
262.148767443331,-0.443110859974033,0.109153876555847,-4.0595063955179,4.9176561059545e-05,0.000963027235581341,"ENSMUSG00000042644","Itpr3"
8.26916784943119,-1.05293555738895,0.259450464346164,-4.05832982431708,4.94249302804375e-05,0.000967079754850169,"ENSMUSG00000042379","Esm1"
22.2350060710702,0.827379812917059,0.203897573779759,4.05782078511027,4.95327544180749e-05,0.000968377794289047,"ENSMUSG00000098846",NA
1048.1856167371,-0.179602088997094,0.0443114281701766,-4.05317762062052,5.05266104160292e-05,0.000986981311248008,"ENSMUSG00000024063","Lbh"
313.931754024762,-0.187825563402866,0.0463604795800218,-4.05141545351497,5.09087217246507e-05,0.00099361395586833,"ENSMUSG00000096740","Lbhd1"
216.029081197397,0.320335799834729,0.0790982452801492,4.04984710722934,5.12511066588199e-05,0.000999460804291422,"ENSMUSG00000010538","Tsacc"
122.93836995221,-0.42790528473798,0.105691497030436,-4.04862545011315,5.15193169044429e-05,0.00100385259974992,"ENSMUSG00000039208","Metrnl"
58.3303153312315,-0.391490264162721,0.0967637618464572,-4.04583551416624,5.21368332527297e-05,0.00101503761352666,"ENSMUSG00000043633","Fam221b"
127.140240120932,0.355002864279543,0.0877710241863755,4.04464762226905,5.24018811773341e-05,0.00101934759360209,"ENSMUSG00000042684","Npl"
626.862523748883,-0.186657951839428,0.0461603182708807,-4.04368857996323,5.26167981732748e-05,0.00102267603643527,"ENSMUSG00000085039",NA
962.906699277747,-0.368486815262037,0.0911968137440247,-4.04056677129447,5.33221804527773e-05,0.00103476346517895,"ENSMUSG00000021556","Golm1"
1288.4785414144,-0.166554649711427,0.0412208477596988,-4.0405440150667,5.3327355036211e-05,0.00103476346517895,"ENSMUSG00000022223","Sdr39u1"
9.97590484746916,0.875748987509923,0.216816229268526,4.03913023699583,5.36497715022506e-05,0.00104015499682478,"ENSMUSG00000100231",NA
1365.80759509938,0.202794454251224,0.0502238317321591,4.03781327025616,5.39517707199832e-05,0.00104514206134155,"ENSMUSG00000055116","Bmal1"
126.351518638688,-0.505537211585845,0.125267103199799,-4.03567416083311,5.44457343020478e-05,0.00105383646418964,"ENSMUSG00000087109",NA
125.709968591362,0.291145571220696,0.072148258343806,4.03537906394508,5.45142135122551e-05,0.00105428772660859,"ENSMUSG00000048865","Arhgap30"
341.531144312083,0.245242479820847,0.0608038023909879,4.03334117566957,5.49893514576379e-05,0.00106189605923492,"ENSMUSG00000014245","Pigl"
410.499200212989,0.24365222491711,0.0604101167692084,4.03330167110854,5.49986006775059e-05,0.00106189605923492,"ENSMUSG00000022488","Nckap1l"
17.0764963389824,-1.212548381582,0.300907056717228,-4.02964421908347,5.58613355176118e-05,0.00107766211156001,"ENSMUSG00000085791",NA
1534.00834405732,0.193928567494183,0.0481545154356792,4.02721459741852,5.64415145625271e-05,0.00108795563537,"ENSMUSG00000018651","Tada2a"
16.8099567294096,0.770513117763413,0.191411725551635,4.02542276625347,5.68730450965678e-05,0.00109536921756533,"ENSMUSG00000044626","Liph"
848.037599320822,0.205140218051461,0.0510431085978283,4.01896012383912,5.84555620781933e-05,0.00112492018597796,"ENSMUSG00000014039","Prdm15"
770.326214054417,0.331742596837137,0.0825934547211619,4.01657247486633,5.90507093987622e-05,0.00113543715773913,"ENSMUSG00000031129","Slc9a9"
16.7269252507597,1.45274280286002,0.361720669286087,4.01620069355516,5.91438946280193e-05,0.00113629294839659,"ENSMUSG00000044254","Pcsk9"
3348.83786033259,-0.125846726363475,0.031352987318649,-4.01386716629137,5.97319698550072e-05,0.00114664751013605,"ENSMUSG00000025920","Stau2"
1459.43992667457,-0.209463309176364,0.0522220326188704,-4.01101410021858,6.04584990295975e-05,0.0011596407089958,"ENSMUSG00000021133","Susd6"
115.769290068318,-0.457731600745038,0.114132019137048,-4.01054501800587,6.05787481717962e-05,0.00116099320079987,"ENSMUSG00000086606",NA
103.127765435353,0.302947005186804,0.0755463470376964,4.01008145417857,6.0697805129925e-05,0.00116232064409175,"ENSMUSG00000097746","Gm6225"
557.8136192324,0.336137793549533,0.0838454672398126,4.00901568820793,6.09723662259912e-05,0.00116662126624042,"ENSMUSG00000072847",NA
506.408275713008,0.442569974696084,0.110432330296043,4.00761238588063,6.1335676782472e-05,0.00117261155047768,"ENSMUSG00000036246","Gmip"
631.339317277488,-0.28951519804552,0.0722862623233456,-4.00512059608895,6.1985849543132e-05,0.00118407175604364,"ENSMUSG00000033157","Abhd10"
461.622953735798,0.518678945680934,0.129537509801185,4.00408303723767,6.22584951259809e-05,0.00118830748301371,"ENSMUSG00000029022","Miip"
244.614274275905,0.476416107003064,0.119014969811027,4.00299313405298,6.25461180177258e-05,0.00119282192229393,"ENSMUSG00000045498","Pcdhb3"
67.696555108049,0.348450461809543,0.0871301238926718,3.99919621644024,6.35579709382192e-05,0.00121112956376396,"ENSMUSG00000025017","Pik3ap1"
893.131760759999,-0.248368356155594,0.0621586714391108,-3.99571532668438,6.4499201740743e-05,0.00122806269676522,"ENSMUSG00000057788","Ddx49"
14.0012208411968,0.858927451069568,0.215017919346979,3.99467846065191,6.47821102337981e-05,0.00123244400911781,"ENSMUSG00000090968","Gm3978"
26.6271745645682,0.746831713455766,0.187015725401663,3.9934166597582,6.51279765122514e-05,0.00123801494765919,"ENSMUSG00000090352","Vmn2r46"
25.3779126919122,-0.797134411542727,0.1997517226778,-3.99062596735902,6.58991371524725e-05,0.00125165464487402,"ENSMUSG00000031803","B3gnt3"
4.63107381591323,2.51797293444352,0.632074854629673,3.98366256148376,6.78612130343217e-05,0.00128787341126843,"ENSMUSG00000078160",NA
958.118880932643,0.295937804486589,0.0743018492830398,3.98291304109089,6.80756695398098e-05,0.00129089387007943,"ENSMUSG00000022261","Sdc2"
2819.21176116205,-0.177751394337312,0.0446568755185756,-3.98038134717629,6.88048013994015e-05,0.00130260379486312,"ENSMUSG00000021892","Sh3bp5"
46.6456046799408,-0.396505963600939,0.0996116696982263,-3.98051719042713,6.87654914598903e-05,0.00130260379486312,"ENSMUSG00000037466","Tedc1"
21.9073141163898,0.961187983708182,0.241545629692182,3.9793226022474,6.91119074732542e-05,0.00130735758196772,"ENSMUSG00000067356",NA
8.03642251595893,-1.69011798045442,0.424813387205799,-3.97849510245224,6.93528396287918e-05,0.0013104417828258,"ENSMUSG00000028749","Pla2g2f"
7530.27723783788,0.164989252754074,0.0414735004675358,3.97818488659337,6.94433656923069e-05,0.0013104417828258,"ENSMUSG00000032594","Ip6k1"
11.3423891918033,0.936754054270573,0.235467609624397,3.97827138842928,6.9418111807135e-05,0.0013104417828258,"ENSMUSG00000104411",NA
44.4566950797967,-0.7506657164436,0.188815735799149,-3.97565231132066,7.01866057409719e-05,0.00132339736495275,"ENSMUSG00000073647",NA
16.0834055224488,0.859113450450136,0.216136402448251,3.9748669854715,7.04186013388392e-05,0.00132670008963077,"ENSMUSG00000091163","Gm3962"
945.738774782099,0.119204131101077,0.0299959970456336,3.97400129489708,7.06751782738938e-05,0.00132954522815367,"ENSMUSG00000056121","Fez2"
69.4598681655957,0.599325563902004,0.150812685080399,3.97397316798982,7.06835294580263e-05,0.00132954522815367,"ENSMUSG00000090122","Kcne5"
121.570248934355,-0.348587753872843,0.0877433020160329,-3.97281326167947,7.10287323888377e-05,0.00133496272153997,"ENSMUSG00000031767","Nudt7"
27.0950728387796,0.655867391746474,0.165152171458434,3.9712913608983,7.14840890202177e-05,0.00134244013676504,"ENSMUSG00000098963",NA
497.513077910689,0.238022647579021,0.0600340072715278,3.96479692755588,7.34584564840053e-05,0.00137840896278628,"ENSMUSG00000040147","Maob"
270.021721525187,0.275877216903987,0.0696021522630031,3.96363054782472,7.38184656402899e-05,0.00138405176180023,"ENSMUSG00000043153","Crppa"
5044.81166030798,0.44781409277483,0.113029325285979,3.96192839019257,7.43468410646761e-05,0.00139283973593317,"ENSMUSG00000024524","Gnal"
274.305432072524,-0.485798484384653,0.12265680707506,-3.96063207553878,7.47516337505194e-05,0.00139930022986237,"ENSMUSG00000028307","Aldob"
16.3580805835812,0.817239067346384,0.206490629125119,3.95775377705491,7.56578874357246e-05,0.00141512986090715,"ENSMUSG00000057262",NA
13.7776158296283,0.904993965036271,0.228792375600706,3.95552501546506,7.63667563865724e-05,0.00142724515158668,"ENSMUSG00000092294",NA
57.506227766305,0.691880743801443,0.174956164057821,3.95459484109851,7.66644566031566e-05,0.00143166272838999,"ENSMUSG00000078495","Zfp984"
792.938679642528,-0.129635544148397,0.0327879708992282,-3.95375317816475,7.69347743012826e-05,0.00143556229937237,"ENSMUSG00000071652","Ints5"
1630.34768610919,0.341046033167204,0.0862670567559798,3.95337508884657,7.70564987403431e-05,0.00143668518378261,"ENSMUSG00000018427","Ypel2"
75.633576078826,0.400134277613705,0.101263327865793,3.95142334393762,7.76877573002478e-05,0.00144729873795665,"ENSMUSG00000087165","2010001A14Rik"
467.049091652419,-0.290072530714639,0.0734185036555052,-3.95094582798527,7.78429444515673e-05,0.00144903337506614,"ENSMUSG00000033972","Zfp944"
11.0127520332466,-0.767191646856976,0.194238177177009,-3.94974694474113,7.82338602890765e-05,0.00145514980137682,"ENSMUSG00000083183","Gm15575"
108.195768806507,0.366275426026248,0.0927529903999749,3.9489338774607,7.85000297957393e-05,0.00145893805375951,"ENSMUSG00000002111","Spi1"
4455.26439174228,-0.225078210215142,0.0570704747311811,-3.94386434098065,8.01790257316104e-05,0.00148889433025955,"ENSMUSG00000002496","Tsc2"
55.149331484565,-0.815103113440489,0.206685715508235,-3.94368382660684,8.02394322694818e-05,0.00148889433025955,"ENSMUSG00000074758","Gm5535"
285.384291291048,0.706108268164816,0.179311406662008,3.93788817627087,8.22018844449241e-05,0.00152409736981562,"ENSMUSG00000071984","Fndc1"
286.086953778822,0.408675043263712,0.103789144356517,3.93755094328467,8.23174595263627e-05,0.0015250289347015,"ENSMUSG00000022665","Ccdc80"
271.711891380598,0.272200608678614,0.0691514601268964,3.93629589569203,8.27489349899125e-05,0.00153180681163325,"ENSMUSG00000021998","Lcp1"
12311.6916514496,-0.184591589510923,0.0469203504238959,-3.93414771721127,8.34924261843681e-05,0.00154434524914557,"ENSMUSG00000022415","Syngr1"
459.149460463749,0.241542492591566,0.0614169595739016,3.93283051240796,8.39514324504337e-05,0.00155160592849602,"ENSMUSG00000021364","Elovl2"
1269.5837843639,-0.192893240736354,0.0490761628031847,-3.93048742441283,8.47738276898943e-05,0.00156556602829526,"ENSMUSG00000049866","Arl4c"
1082.57797492938,-0.355804265382613,0.0906137418734263,-3.92660382439142,8.61537127408343e-05,0.00158853563705316,"ENSMUSG00000027577","Chrna4"
43.3631658039859,-0.421864866703743,0.107434293997026,-3.92672442856488,8.61105433264781e-05,0.00158853563705316,"ENSMUSG00000086951","1700051A21Rik"
102.028041402525,0.564316062844736,0.143828328927054,3.9235390347262,8.72576196724743e-05,0.00160762005999571,"ENSMUSG00000021090","Lrrc9"
4179.4036223448,-0.237415379696164,0.0605300817501799,-3.9222709243319,8.77182778761135e-05,0.00161483261866098,"ENSMUSG00000054027","Nt5dc3"
44.6692773195411,-0.604494958750794,0.154287820588195,-3.91796939282869,8.92980412887658e-05,0.001642619525456,"ENSMUSG00000096883","Shisa8"
2782.38969292947,-0.156037568977526,0.0398589877936908,-3.91473987711812,9.05017237010533e-05,0.00166345018610526,"ENSMUSG00000027663","Zmat3"
349.242875075558,-0.410404146753111,0.104843927731392,-3.91442933924182,9.06182694085818e-05,0.00166428187474786,"ENSMUSG00000020513","Tubd1"
251.229176782747,-0.521971199765751,0.133380120150288,-3.91341077799011,9.10015340827152e-05,0.0016700069261736,"ENSMUSG00000097393","D030068K23Rik"
411.761997144998,-0.377365756956557,0.0964528161083495,-3.91243897464483,9.13686315568688e-05,0.00167542652508404,"ENSMUSG00000062563","Cys1"
660.057253091219,0.262703525426332,0.0671642134006476,3.91136160352618,9.17772418550198e-05,0.00168027933852685,"ENSMUSG00000049288","Lix1l"
33.4211253616105,-0.566860543374672,0.144922264983309,-3.91148001613114,9.17322476935408e-05,0.00168027933852685,"ENSMUSG00000097632",NA
8.79169521890667,0.916773309878521,0.234404556562252,3.91107290457064,9.18870284285751e-05,0.00168097092837635,"ENSMUSG00000028463","Car9"
2453.46536756943,0.332937204855522,0.0851516278784069,3.90993352858671,9.23215228062947e-05,0.00168759695134482,"ENSMUSG00000046182","Gsg1l"
629.227805363267,0.196249036587607,0.0502214829914056,3.90767107815575,9.31900535768799e-05,0.00170214039174109,"ENSMUSG00000049305","Ccdc71"
1637.76435856241,0.193629337685082,0.0495594348532808,3.9070126255135,9.34442727068489e-05,0.00170544930242062,"ENSMUSG00000004568","Arhgef18"
180.402505635984,0.599314082598451,0.153586218957851,3.90213449269769,9.53481514303442e-05,0.0017388374209676,"ENSMUSG00000075555","Gm10863"
414.56879424312,-0.238174133976083,0.0610774244694002,-3.89954448874,9.63738284869196e-05,0.00175569526468959,"ENSMUSG00000046387","Pcdhb17"
721.321853568939,-0.203982208336278,0.0523108957061992,-3.89942105908359,9.64229674562847e-05,0.00175569526468959,"ENSMUSG00000054256","Msi1"
75.9874551270279,0.691323851139606,0.177431037861589,3.89629604533394,9.76749868192703e-05,0.00177710617094484,"ENSMUSG00000086822","5330413P13Rik"
51.0973984170298,0.48457221920265,0.124409243871793,3.89498564674192,9.82045448628122e-05,0.00178396007060905,"ENSMUSG00000041193","Pla2g5"
112.12768960724,0.350823891780053,0.0900702462220531,3.89500313916269,9.81974580128142e-05,0.00178396007060905,"ENSMUSG00000087639",NA
16.4145032956449,0.748018263507672,0.192110827047097,3.89368092889576,9.87344993551468e-05,0.00179219239381586,"ENSMUSG00000060180","Myh13"
453.516388930778,0.219211996467554,0.0563029924396512,3.89343420249852,9.88350185520003e-05,0.00179262302879514,"ENSMUSG00000024601","Isoc1"
558.942211810458,-0.346353887619725,0.0889726797676754,-3.89281168695965,9.90890681748783e-05,0.00179462147275495,"ENSMUSG00000035293","G2e3"
19.0756939299112,-1.006194717285,0.258476663381536,-3.89278747304068,9.90989623604989e-05,0.00179462147275495,"ENSMUSG00000067235","H2-Q10"
1837.09983275598,-0.319285925294494,0.0820328344156735,-3.8921722937991,9.93506472843717e-05,0.00179778461981325,"ENSMUSG00000034981","Parm1"
12.289702604193,1.10297541615778,0.283693347387673,3.88791427897158,0.000101109319790112,0.00182677620113048,"ENSMUSG00000089672",NA
7.33687837670879,1.32882487962315,0.341770875874446,3.88805768257243,0.000101049615165388,0.00182677620113048,"ENSMUSG00000097930",NA
24.5323371317393,0.588160021075527,0.151398503503826,3.88484699296029,0.000102394354033591,0.00184856257247186,"ENSMUSG00000087120",NA
19.5621866813846,1.27781393484906,0.328964592194795,3.8843509762668,0.000102603601796339,0.00185090871463056,"ENSMUSG00000006777","Krt23"
1927.62907541826,-0.182295409693649,0.0469720100291487,-3.88093695757378,0.000104054813368564,0.00187563823047288,"ENSMUSG00000039458","Mtmr12"
32.0229060523717,0.486313123393723,0.125539938808352,3.87377218763923,0.000107163594261866,0.00193018501609161,"ENSMUSG00000030148","Clec4a2"
3837.97559609008,-0.175033044484784,0.0451868142667416,-3.87354247749242,0.000107264700484652,0.00193051650224612,"ENSMUSG00000011832","Evi5l"
524.823145960647,0.417867947063394,0.107895154895843,3.87290743005822,0.000107544683260368,0.00193406436159227,"ENSMUSG00000102615",NA
207.707534960037,-0.367472747647865,0.0948920125120184,-3.87253613786854,0.000107708699644265,0.00193552284510861,"ENSMUSG00000094108",NA
214.547796662113,0.244303025754502,0.0631153968804254,3.87073579236685,0.000108507345140745,0.00194837458278493,"ENSMUSG00000097792",NA
600.251265089804,0.353462160813734,0.0913503401396651,3.8693031714313,0.00010914685407667,0.0019583512795632,"ENSMUSG00000039167","Adgrl4"
242.153614966176,-0.437994549837493,0.113210716296142,-3.86884355268775,0.00010935277599017,0.00196053905525234,"ENSMUSG00000060530","2310069G16Rik"
5.71124313409025,-1.08690364256459,0.281171248993971,-3.86562867453031,0.000110803411605522,0.0019850222848102,"ENSMUSG00000087512","Ccdc201"
1988.80000872007,0.314218016820152,0.0812983643374185,3.86499801540939,0.000111090102905235,0.00198863211051909,"ENSMUSG00000022494","Shisa9"
1032.71973474064,-0.319365501956281,0.0826452252177991,-3.86429465361903,0.000111410669476474,0.00199284234298033,"ENSMUSG00000000378","Ccm2"
35.6664814920557,0.552749444732836,0.143066872288613,3.86357397691451,0.000111740032536894,0.0019956752712385,"ENSMUSG00000009092","Derl3"
1274.02209633416,-0.261543041438981,0.0676917907162596,-3.86373352915538,0.000111667035038134,0.0019956752712385,"ENSMUSG00000040250","Ints13"
15.2620489910275,0.649886527132485,0.168321227758357,3.8609897027692,0.000112928663231242,0.00201536222156489,"ENSMUSG00000098292",NA
462.786388457213,0.226715077574704,0.0587418333084323,3.85951654563289,0.000113611565105445,0.00202600058384752,"ENSMUSG00000046605","B3gntl1"
216.623305050925,-0.349979421495979,0.0906846497688502,-3.85930168322926,0.000113711492357013,0.00202623463060287,"ENSMUSG00000097166","9330179D12Rik"
405.387358836896,-0.425002400337164,0.110170095738958,-3.85769293823783,0.000114462318647752,0.00203805789793628,"ENSMUSG00000060402","Chst8"
2180.04461719459,-0.336339236075007,0.0873299745694497,-3.85136074679068,0.000117463316540299,0.00208989801676844,"ENSMUSG00000098475","Mir6982"
519.627410181725,0.454805423518476,0.118349756428521,3.84289277175793,0.000121592602133563,0.00216171828758855,"ENSMUSG00000031610","Scrg1"
447.514250949349,-0.49070030168747,0.127706627715557,-3.84240278257455,0.000121835678682633,0.00216439136034147,"ENSMUSG00000046027","Stard5"
10.5456713755734,-0.742857483175757,0.193435115975856,-3.84034449705852,0.000122861777439902,0.00218096005382481,"ENSMUSG00000037600","Kdf1"
41.3284098003029,0.400483738940111,0.104342591163854,3.83816171778994,0.00012395883692078,0.00219876225702262,"ENSMUSG00000041707","Tmem273"
1075.43339786536,0.115610233287854,0.0301242825317268,3.8377754944402,0.000124153910795063,0.00220055029589154,"ENSMUSG00000027649","Ctnnbl1"
35.8863340990118,-0.931016377301264,0.242710997288942,-3.83590520289821,0.000125102659153183,0.00221568389424336,"ENSMUSG00000086614",NA
3599.09851262831,-0.370036744740415,0.0965408011230976,-3.8329570547958,0.000126612063437372,0.00223749805821632,"ENSMUSG00000021913","Ogdhl"
342.818034002786,-0.194525169697685,0.0507464428452585,-3.83327695087619,0.000126447455386253,0.00223749805821632,"ENSMUSG00000043602","Zfp3"
2524.56118522681,1.57886276860465,0.411919730020707,3.83293795741534,0.000126621896710096,0.00223749805821632,"ENSMUSG00000073940","Hbb-bt"
971.028191957119,-0.31511338014535,0.0822799881820279,-3.82976938995452,0.000128263402102396,0.00226342858731951,"ENSMUSG00000024137","E4f1"
969.42861620561,0.180516661042883,0.0471355943207482,3.82973130272854,0.000128283254981096,0.00226342858731951,"ENSMUSG00000036932","Aifm1"
438.344328275422,-0.256154595724932,0.0669680375810306,-3.82502765464775,0.000130757407860574,0.00230534000882883,"ENSMUSG00000002845","Tmem39a"
896.649722616783,0.158068042206213,0.0413305314001789,3.82448608452996,0.000131045146936545,0.00230866933203002,"ENSMUSG00000042121","Ssh1"
543.001833565993,0.205692324513843,0.0538144857963478,3.82224825658006,0.000132240455348847,0.00232797054993072,"ENSMUSG00000085687",NA
4937.07370102519,0.145732567370634,0.0381323608170402,3.8217557016693,0.000132504923398302,0.00233086844528001,"ENSMUSG00000024654","Asrgl1"
14.8019696328063,-0.747173475342797,0.195832025398764,-3.81537939885655,0.000135973853779207,0.00239008860600002,"ENSMUSG00000089656",NA
198.889673670147,-0.372635631346735,0.0977448533553691,-3.81232994428823,0.000137662940855388,0.00241795788441484,"ENSMUSG00000034911","Ushbp1"
1192.29666213375,-0.278409285166482,0.0730582508080247,-3.81078498441002,0.000138526215893162,0.00243129132149931,"ENSMUSG00000055733","Nap1l3"
2373.10301100618,0.221224122431132,0.0580581193318393,3.81039077698495,0.000138747301778166,0.00243334204763916,"ENSMUSG00000029701","Rbm28"
57.9607086146423,0.377058837982773,0.099017089123773,3.80801780096204,0.000140085191197221,0.00245496142501257,"ENSMUSG00000094114",NA
656.657813754795,0.131844109524105,0.0346291244738003,3.80731859460829,0.00014048171717655,0.00246006355892889,"ENSMUSG00000030101","Sumf1"
379.684809248466,0.27515602615627,0.0722937517918034,3.80608308929218,0.000141184968593741,0.00247052527877339,"ENSMUSG00000087041",NA
17.4866137990927,0.617517886549369,0.162275187009077,3.80537467206756,0.000141589694989226,0.00247575149822734,"ENSMUSG00000070291","Ddx43"
284.072922130961,-0.336240815947536,0.0883746393466459,-3.80472065779692,0.000141964310229056,0.00248044378269226,"ENSMUSG00000045838","Ccdc9b"
418.23832702254,-0.214910921780386,0.0565465681602384,-3.80060061596282,0.000144345791802973,0.00252016740318384,"ENSMUSG00000033429","Mcee"
36.5427978340953,-0.498204556890352,0.131094676161309,-3.80034164222902,0.000144496734489455,0.00252091724453464,"ENSMUSG00000072660",NA
2367.85803267239,-0.14618609590969,0.0384712801235981,-3.79987604883519,0.000144768479220436,0.00252377192714163,"ENSMUSG00000000168","Dlat"
114.489364695228,-0.306288158997301,0.0806126923150247,-3.79950290954635,0.000144986610201648,0.00252568838950528,"ENSMUSG00000086013","Gm15706"
138.05335345935,0.643929699162071,0.169496472483625,3.79907433899121,0.000145237527246143,0.00252817270582157,"ENSMUSG00000084350",NA
118.719870764214,0.356335001795965,0.0938573233509743,3.79656045020025,0.000146717597940235,0.00255203344911991,"ENSMUSG00000046634","Pkd1l1"
3093.24034765795,-0.241597687588766,0.0636404152170019,-3.79629338942813,0.000146875663760602,0.00255288058016659,"ENSMUSG00000056755","Grm7"
11.5546144168885,0.949899663215463,0.250267854010801,3.79553205892142,0.000147327154614169,0.00255882274565369,"ENSMUSG00000088062",NA
7.31391344512674,-0.968325358177734,0.255690955789027,-3.78709272367344,0.000152420232466398,0.00264531262934061,"ENSMUSG00000068105","Tnfrsf13c"
44.4407881385183,0.403863066718672,0.106709369554365,3.78470108487443,0.000153893434432303,0.0026688963149727,"ENSMUSG00000089420","Gm27934"
1080.58586253335,0.134905089789101,0.0356504350796784,3.78410780927609,0.000154260949624059,0.00267328385083475,"ENSMUSG00000079614","Seh1l"
606.597266757021,-0.167563872383915,0.0443600573942781,-3.77735923320804,0.000158500035724475,0.00274470796284601,"ENSMUSG00000031534","Smim19"
1245.62592200833,0.30149333586977,0.0798662995244068,3.7749756488672,0.000160023294809198,0.00276903170550861,"ENSMUSG00000027233","Patl2"
2984.76192057521,1.54206179660597,0.40859542415846,3.77405547255453,0.000160615022075882,0.00277721219282764,"ENSMUSG00000069917","Hba-a2"
2042.23534329517,-0.165730300152429,0.043934228295518,-3.77223651312742,0.00016179078237769,0.00279547167508691,"ENSMUSG00000038729","Pakap"
635.379546656247,-0.195502635788975,0.0518324610745729,-3.77181850400079,0.000162062122073583,0.00279808884287251,"ENSMUSG00000033111","Cep15"
11479.8086403695,0.34983124321264,0.0927815970125076,3.77048094101549,0.000162933246103906,0.00281105008411196,"ENSMUSG00000082286",NA
39.7579297372484,0.545336621442184,0.144671612984548,3.76947909954133,0.0001635886062081,0.00282027240377819,"ENSMUSG00000078815","Cacng6"
2265.51039197937,-0.534095481615755,0.141778522326406,-3.7671113568679,0.000165147348992805,0.00284504396128343,"ENSMUSG00000096401","Gm21811"
1774.65764174564,-0.135909668383618,0.0360924341413685,-3.76559995513965,0.000166149636840604,0.00286019983242641,"ENSMUSG00000044600","Smim7"
72.3085982013885,-0.582528251056416,0.154773161256486,-3.7637549451553,0.000167380914443612,0.00287927242878205,"ENSMUSG00000039903","Eva1c"
258.873067167391,0.53071040345832,0.141041489567554,3.76279635932324,0.000168024015399617,0.00288820662111433,"ENSMUSG00000085730",NA
1263.95557632483,0.189480781137404,0.050403176860837,3.75930234835317,0.000170387825681832,0.00292668360183296,"ENSMUSG00000005102","Eif2ak4"
6321.55913122847,-0.159806315048729,0.0425412121608149,-3.75650591348048,0.000172302201870368,0.00295738992519118,"ENSMUSG00000024897","Apba1"
244.929730124846,0.309319399337988,0.0824025468180884,3.75376018438897,0.000174201534507596,0.00298779310801677,"ENSMUSG00000001901","Kcnh6"
1442.03190871737,0.177155282961349,0.0472091668367791,3.75256109843763,0.00017503715299029,0.00299992089739525,"ENSMUSG00000036949","Slc39a12"
1440.78596747082,-0.172719619854362,0.04603992071656,-3.7515186204966,0.000175766696317169,0.00300800732560972,"ENSMUSG00000002017","Fam98a"
3840.08014221442,-0.101099310049625,0.0269488825630652,-3.75152141514716,0.000175764736757519,0.00300800732560972,"ENSMUSG00000020657","Dnajc27"
354.648366228816,-0.268971020822492,0.0717381972923615,-3.74934178686326,0.000177299309910397,0.00303201303387429,"ENSMUSG00000019256","Ahr"
1172.11932924295,-0.213125880702446,0.0568475069800614,-3.7490805142466,0.000177484102897189,0.00303295125470651,"ENSMUSG00000030352","Tspan9"
2419.87653518353,0.158871222009883,0.0423824374774069,3.74851545748338,0.00017788437602057,0.00303756765870385,"ENSMUSG00000059409","Ppp2r5d"
1522.27280560177,-0.208378138233089,0.0555962073580846,-3.74806390822605,0.000178204853090106,0.00304081570590814,"ENSMUSG00000030283","St8sia1"
8.51924973331048,1.13918768874221,0.304059455435149,3.74659517531492,0.000179251012564477,0.00305420174181941,"ENSMUSG00000066224","Arid3c"
62.6983955253853,-0.465171369592479,0.124155935347087,-3.74667041323524,0.000179197281536052,0.00305420174181941,"ENSMUSG00000094447","9430069I07Rik"
990.531819028919,-0.593285490517017,0.158605971073815,-3.74062518895271,0.000183563087873588,0.0031231145482749,"ENSMUSG00000087153","Gm6483"
19.4976561740902,-0.688344325876936,0.184016359229136,-3.74066919245922,0.000183530950727861,0.0031231145482749,"ENSMUSG00000097561",NA
110.246845772714,0.373045213669423,0.0997487104558538,3.73984998868254,0.000184130109276275,0.00313048007344216,"ENSMUSG00000035493","Tgfbi"
4144.88558051572,0.272727457690554,0.0730189963896861,3.7350206271676,0.000187699801769364,0.00318884750560572,"ENSMUSG00000046785","Epm2aip1"
3118.39545672978,1.52701884278832,0.409035585240496,3.73321759252436,0.000189049139732684,0.00320943568638549,"ENSMUSG00000069919","Hba-a1"
2809.05093493175,-0.190392799883629,0.0510050016818004,-3.73282606814548,0.000189343347379587,0.00321185405866766,"ENSMUSG00000019951","Bltp3b"
10.4505867488503,-1.08227846528921,0.289948158116389,-3.73266197764488,0.000189466779710636,0.00321185405866766,"ENSMUSG00000085698",NA
32.289843764226,0.525738599176635,0.140982971335443,3.72909291240384,0.000192170290586753,0.00325532009663758,"ENSMUSG00000090173","Fbxw10"
751.442675353855,0.503402635551635,0.135017159913103,3.72843448844298,0.000192672980665154,0.00326146873652407,"ENSMUSG00000059326","Csf2ra"
349.603396045674,0.317489153873955,0.0851886569170791,3.72689469893853,0.00019385339942932,0.0032790723933903,"ENSMUSG00000022329","Stk3"
2884.77610075465,0.208731866628168,0.0560176101633921,3.72618299887016,0.0001944012896132,0.0032859589452867,"ENSMUSG00000093772","4931403E22Rik"
560.102744919739,-0.166973271667724,0.044820201668337,-3.72540206095685,0.000195004155592802,0.0032937641128819,"ENSMUSG00000043998","Mgat2"
2817.70332112391,0.31020227895036,0.083287182618818,3.72449000190183,0.000195710468001854,0.00330330401631763,"ENSMUSG00000063873","Slc24a3"
31.8933858774887,-0.934222735754604,0.251561708474602,-3.71369212516269,0.000204257265144588,0.00344507033256512,"ENSMUSG00000000739","Sult5a1"
943.251719601493,0.258126023625404,0.0695170768371061,3.71313115236779,0.000204710732600526,0.00345022572642171,"ENSMUSG00000024378","Stard4"
8.84285994850012,-1.08421834826163,0.29213916803949,-3.71130771521561,0.000206191265958422,0.00347267151606598,"ENSMUSG00000044863","Defb36"
938.040212887814,0.150868095105148,0.0406740986283679,3.70919332432178,0.000207920629805054,0.00349927271920647,"ENSMUSG00000027425","Kat14"
455.220297428901,0.310718523758452,0.0837880708824789,3.70838617581095,0.000208584383571555,0.00350791445656399,"ENSMUSG00000085069","Prdm16os"
1117.74956613674,-0.264687334850497,0.07141343897114,-3.70640790674517,0.000210219627274257,0.0035303286039302,"ENSMUSG00000021752","Kctd6"
3135.02545276431,0.191305962201231,0.0516143980801404,3.70644566859416,0.000210188300802974,0.0035303286039302,"ENSMUSG00000024286","Ccny"
337.877811903967,0.397491947097565,0.107265114204145,3.70569639576449,0.00021081070278181,0.00353770973043551,"ENSMUSG00000019577","Pdk4"
37.1147454701497,-0.814223401242661,0.220116482752812,-3.6990569314022,0.000216402060155642,0.00362893196136002,"ENSMUSG00000078921","Tgtp2"
81.2497341937041,0.290760581556525,0.078611450981289,3.69870518769245,0.000216702127298298,0.00363135517410207,"ENSMUSG00000054135",NA
1404.93364414547,-0.195133495048941,0.0527685810582728,-3.69791059633484,0.000217381419648408,0.00364012516416987,"ENSMUSG00000021796","Bmpr1a"
9.25746842906846,1.38337321057396,0.374281702903746,3.69607490786083,0.000218958393302942,0.00366390378126923,"ENSMUSG00000085301","Gm12132"
41.6795849000329,-0.615315732125594,0.166496216362687,-3.69567396525828,0.000219304254789482,0.00366706247818831,"ENSMUSG00000097618",NA
22.2138092245893,-0.742212594480373,0.200869473326151,-3.69499945507024,0.000219887258905053,0.00367417915864041,"ENSMUSG00000085744",NA
10.9172574244397,1.1279030786907,0.305294952029551,3.69447012206584,0.000220345799683629,0.00367920744064017,"ENSMUSG00000093981",NA
219.129176304616,0.415536143536417,0.112580469399096,3.69101448727618,0.000223361413872093,0.00372689455612314,"ENSMUSG00000039994","Timeless"
171.846717578294,0.426914350700553,0.115826863649703,3.68579738109526,0.000227987688507244,0.00380136900916042,"ENSMUSG00000028864","Hgf"
68.0705838978413,0.389584389027263,0.105731970032243,3.6846413521706,0.00022902489862349,0.00381321555532677,"ENSMUSG00000098389","Mir6983"
13.361576303016,0.785212380145616,0.213096514722347,3.68477345192015,0.000228906152602867,0.00381321555532677,"ENSMUSG00000104301","Wdr49"
1638.58600859865,-0.107695843938558,0.0292314603219789,-3.68424439806665,0.000229382073326304,0.00381644029768776,"ENSMUSG00000039230","Tbcd"
45.0792694714316,0.468050486945927,0.127061659231994,3.68364847252106,0.000229919261891804,0.00382265336918831,"ENSMUSG00000085498","Gm14023"
139.295066200917,0.40966293032304,0.111276661522147,3.68148113646909,0.000231882948055666,0.00385255776260741,"ENSMUSG00000043243","Niban3"
986.850034062453,-0.410704887853955,0.11165361535245,-3.67838413971198,0.000234716269509434,0.00389685766654247,"ENSMUSG00000055048","Gm9962"
62.7442879871206,0.402412622152986,0.109432904456966,3.67725433360159,0.000235757948117377,0.00391137013710301,"ENSMUSG00000032942","Ucp3"
912.322688042869,0.107096267036041,0.0291313895985365,3.6763185179955,0.000236624050934256,0.00392295115124882,"ENSMUSG00000006705","Pknox1"
301.652935077353,-0.264583652360544,0.0719865308333955,-3.6754605243152,0.000237420751700452,0.00393336593821409,"ENSMUSG00000037992","Rara"
218.137958110353,0.668085561700551,0.181778337631374,3.67527600046247,0.000237592422167552,0.0039334183763526,"ENSMUSG00000095258",NA
494.589313700666,0.183271254777722,0.0499052068739601,3.67238743725858,0.000240295004509824,0.00397534109870504,"ENSMUSG00000000876","Pxmp4"
105.01061843331,-0.327544555186225,0.0892345254218929,-3.6706034311005,0.000241978525967997,0.00399752634937788,"ENSMUSG00000037568","Vash2"
6193.91350400942,0.170554573195289,0.0464646587394098,3.6706300621257,0.000241953313788938,0.00399752634937788,"ENSMUSG00000083674","Zfp133-ps"
275.099909433286,0.327331196268317,0.0892038949778855,3.66947201520141,0.000243051941878458,0.0040113872518151,"ENSMUSG00000027359","Slc27a2"
363.102174919131,0.17906263349038,0.0487994572772252,3.66935706832029,0.000243161245826088,0.0040113872518151,"ENSMUSG00000057103","Nat8f1"
149.355985458075,-0.49251724122898,0.13423689768954,-3.66901537286761,0.000243486439224492,0.00401391521950376,"ENSMUSG00000028555","Ttc39a"
165.656573523773,0.481786947461279,0.131323372630981,3.66870677937203,0.000243780479879581,0.00401592642330914,"ENSMUSG00000097122",NA
164.249016060381,-0.290775673377879,0.079313798844266,-3.66614230581519,0.000246236934665734,0.00405353227496631,"ENSMUSG00000075514","Gm13375"
1387.89389538238,-0.245537385273447,0.0669840832555349,-3.66560790772871,0.000246751738007268,0.00405914434129926,"ENSMUSG00000045659","Plekha7"
226.467712216441,-0.242897980323734,0.0662905135581328,-3.66414389158001,0.000248167249298813,0.00407955500026915,"ENSMUSG00000034880","Mrpl34"
791.490099318312,-0.15802743892312,0.0431490550908642,-3.66236151846992,0.000249900850846727,0.00410516225286077,"ENSMUSG00000029440","Psmd9"
216.782166434411,1.03777087691265,0.283826349788524,3.65635846596303,0.000255823553335502,0.00419950014452223,"ENSMUSG00000095134","Mid1-ps1"
383.888766866797,0.329244013098636,0.0900868124475213,3.65474151158841,0.000257441223229921,0.00422308536462125,"ENSMUSG00000081208",NA
26.7314002364811,0.529557558690028,0.144979164316076,3.65264595908081,0.000259551975638194,0.00425472034222076,"ENSMUSG00000097374",NA
1559.70545052452,0.112936184602429,0.0309308708232339,3.6512449082939,0.000260972228215587,0.00427499980577997,"ENSMUSG00000002221","Paxip1"
1056.75966615864,0.21306219394379,0.0583732889514033,3.64999467686613,0.000262245743440553,0.00429284880023341,"ENSMUSG00000025008","Tctn3"
1029.0055737442,0.439047092422928,0.120302742290282,3.64951857342985,0.00026273224371465,0.00429779871410726,"ENSMUSG00000025089","Gfra1"
926.293232868224,0.176552620007735,0.0484449049865707,3.64440017080592,0.000268016138238521,0.00438116296561751,"ENSMUSG00000053110","Yap1"
187.166089090082,0.445440189089394,0.122240694684924,3.64395989598652,0.000268475270853147,0.00438559709413927,"ENSMUSG00000045868","Gvin1"
79.7459691291048,0.692262044664417,0.190046186186685,3.64259898372492,0.000269899139534393,0.00440577315674919,"ENSMUSG00000031465","Angpt2"
1122.11141586381,0.220550240314337,0.0606129510840074,3.63866527482983,0.000274054725300325,0.00447048179782355,"ENSMUSG00000022817","Itgb5"
1935.8677473359,0.181937990283309,0.0500293317989544,3.63662642975998,0.000276232091273327,0.00449971089085365,"ENSMUSG00000040028","Elavl1"
261.689459474166,0.239434150516338,0.0658384183158223,3.63669353913985,0.000276160165128157,0.00449971089085365,"ENSMUSG00000041238","Rbbp8"
15.0335185367997,0.731345896922247,0.20112717667969,3.63623608204361,0.000276650804300882,0.00450338892942502,"ENSMUSG00000071192","Wfikkn1"
256.498571531695,0.454332062997279,0.125009760205569,3.63437272617886,0.000278657773511491,0.0045313616355415,"ENSMUSG00000037474","Dtl"
168.215091637894,0.252437771348973,0.0694601781689977,3.63428050436018,0.000278757456566748,0.0045313616355415,"ENSMUSG00000048747",NA
178.931439979404,-0.312558085588684,0.0860848548328046,-3.63081387772261,0.000282528879838588,0.00458947226309823,"ENSMUSG00000033855","Ston1"
87.4943286543092,-0.413394282501839,0.113935919597079,-3.62830513821945,0.000285287957504468,0.00463106870099221,"ENSMUSG00000098661","Mir7052"
63.0958388609274,0.454809477405607,0.12540327950509,3.62677498706998,0.000286983170138074,0.00465534964595766,"ENSMUSG00000055978","Fut2"
45.4036649679854,0.407612916096065,0.1124786004583,3.62391525530389,0.000290176717333916,0.00470388549494833,"ENSMUSG00000087379",NA
11.5732753010064,1.08995946082228,0.300982652488201,3.62133648504877,0.00029308502347011,0.00474773331218791,"ENSMUSG00000031074","Fgf3"
1193.91536744166,-0.229856145790829,0.0634909519590778,-3.62029767547004,0.000294264277108163,0.00476022939746075,"ENSMUSG00000023909","Paqr4"
1378.77572305086,-0.205361893088529,0.0567224146089008,-3.62047163373585,0.000294066490871097,0.00476022939746075,"ENSMUSG00000072683","Gm7457"
9.67832503249884,-0.760963127058769,0.210342819180639,-3.61772809750765,0.000297200375982176,0.0048043963826537,"ENSMUSG00000085732",NA
730.847268047994,-0.129734605579311,0.0358669625215108,-3.61710600671868,0.000297915314894568,0.00481262089659786,"ENSMUSG00000048486","Fitm2"
684.425808776627,0.18043066605552,0.0498867387599224,3.61680620021754,0.000298260442947028,0.00481486412151624,"ENSMUSG00000052593","Adam17"
2552.6359664621,-0.243103508288915,0.0672240003555784,-3.61632016843731,0.000298820743546965,0.00481888262727603,"ENSMUSG00000030213","Atf7ip"
44.1732540116462,-0.612368925490494,0.169338938984943,-3.61623220956252,0.00029892224839548,0.00481888262727603,"ENSMUSG00000064179","Tnnt1"
55.9664711258012,-0.408065249751904,0.11285033897637,-3.6159860347194,0.00029920650671288,0.0048201362913725,"ENSMUSG00000031549","Ido2"
15.3942985313021,-0.603382172491567,0.166906773771306,-3.6150849894104,0.000300249105135104,0.00483359645597844,"ENSMUSG00000079457","Gm7609"
3268.78894809508,-0.24148577980255,0.0668191294007007,-3.61402164273062,0.000301483878986411,0.00484760114144933,"ENSMUSG00000007783","Cpt1c"
12.1379562233472,-0.763429706123449,0.211243580926444,-3.61397824622789,0.000301534372505009,0.00484760114144933,"ENSMUSG00000093970",NA
1136.02947545631,0.128563573196126,0.0355974906931533,3.61159089286182,0.000304324384763717,0.0048890874835096,"ENSMUSG00000023572","Ccndbp1"
6.30722807340422,1.24396449341383,0.34465924773556,3.60925900461625,0.000307072899976153,0.00492985055305594,"ENSMUSG00000024388","Myo7b"
80.0329830299506,0.763242170980496,0.211492919645152,3.60883084058362,0.000307580080887721,0.00493324494227597,"ENSMUSG00000026043","Col3a1"
21.273419507907,0.553024136428393,0.153246457215502,3.60872379353413,0.000307707005781339,0.00493324494227597,"ENSMUSG00000099508","1700030L20Rik"
1019.54165364654,0.257507936784742,0.0713803204740955,3.60754806190866,0.000309104293195657,0.00495224537821979,"ENSMUSG00000030638","Sh3gl3"
119.369629276557,-0.69798751464541,0.193565525690642,-3.60594952099549,0.000311013595837716,0.0049794172617557,"ENSMUSG00000097796",NA
349.379515835654,0.184554167408853,0.0512169685666272,3.6033793598848,0.00031410656940992,0.00502548982161464,"ENSMUSG00000046862","Pramel12"
7.26859801399496,-1.1640725603617,0.323114798200752,-3.60265938559228,0.000314978147435791,0.00503598280520115,"ENSMUSG00000094508",NA
1509.14337391632,-0.181010992217293,0.0502589000662466,-3.60157090542573,0.000316300126807403,0.00505365767287146,"ENSMUSG00000022450","Ndufa6"
611.011959143006,-0.1649342063856,0.0458012984593239,-3.60108145257231,0.000316896267716383,0.00505971927312143,"ENSMUSG00000068580","Zfyve19"
99.035204271746,0.296626664417691,0.0823898665628933,3.60028091793616,0.000317873565643738,0.00507185416460818,"ENSMUSG00000026940","Ccdc183"
1177.02775710396,0.123497983313156,0.0343423777307928,3.59608132789311,0.000323046840490627,0.00515087595462616,"ENSMUSG00000022684","Bfar"
12.69595263141,1.49882639101087,0.416819864944494,3.5958612270326,0.000323320133669553,0.00515171459402619,"ENSMUSG00000085222",NA
291.135806975661,-0.241566148559345,0.0671960851329754,-3.59494378402113,0.000324461629965892,0.00516637641766291,"ENSMUSG00000033088","Triobp"
613.223200930041,0.141754091095537,0.0394528288653015,3.59300195125447,0.000326890139148846,0.00520149728572019,"ENSMUSG00000018678","Sp2"
189.537618660339,0.300733204787584,0.0837493156436465,3.59087357880277,0.00032957147547488,0.00524059056676439,"ENSMUSG00000026786","Apbb1ip"
502.120657305969,0.338284665722443,0.0942398131640588,3.58961519940129,0.000331166456800199,0.00526236800618587,"ENSMUSG00000038393","Txnip"
14.8466120622788,1.40581064874499,0.391827218202815,3.58783306374934,0.00033343765492748,0.00529485386324637,"ENSMUSG00000047168",NA
2075.11199531475,-0.171311081119845,0.0478002631800346,-3.58389409854544,0.000338509379090653,0.00537173653032842,"ENSMUSG00000024158","Hagh"
534.817758333825,-0.478341641101712,0.133502057126297,-3.58302824239769,0.000339633870463868,0.00538591945532477,"ENSMUSG00000103428","Gm20754"
130.555340170564,0.479031557330447,0.133793126611676,3.5803898859528,0.000343081902387778,0.0054369048523,"ENSMUSG00000086328",NA
80.1310704412815,0.554187638580659,0.154828245933091,3.57937038710721,0.000344423021898306,0.00545445495262697,"ENSMUSG00000046610","Oacyl"
278.68062311579,0.194787749145889,0.054432085533129,3.57854649951516,0.000345510402096198,0.00546796563805529,"ENSMUSG00000103983",NA
274.614915049354,0.317430366550556,0.088733019821516,3.57736462918831,0.000347075862250971,0.005489018870274,"ENSMUSG00000028859","Csf3r"
472.512666140928,-0.496911471750019,0.138971909658782,-3.57562526822928,0.000349391824210471,0.005521904774912,"ENSMUSG00000042817","Flt3"
1091.04347597087,0.262532140171436,0.0734878349287735,3.57245713424391,0.00035364738420779,0.00558537949226146,"ENSMUSG00000026360","Rgs2"
154.921187446944,-0.216413191146571,0.0606414239806203,-3.5687353122798,0.00035870859294894,0.00566148389804403,"ENSMUSG00000072494","Ppp1r3e"
503.030371598266,0.335809643684576,0.094129979275839,3.56751001400433,0.000360389610499878,0.00568417207966126,"ENSMUSG00000074398","Gm15441"
4497.23545647774,-0.104107881637271,0.0292026413187734,-3.56501593471765,0.000363834083095692,0.00573462457913757,"ENSMUSG00000027010","Slc25a12"
1175.54646190064,-0.327585199646025,0.0918990484262425,-3.56462014847675,0.000364383509282939,0.00573940908042621,"ENSMUSG00000022324","Matn2"
26.6726977809596,0.51677431180521,0.145127312839719,3.56083428882848,0.000369678341401826,0.00581888167454001,"ENSMUSG00000027995","Tlr2"
5720.49687839033,0.180033394556871,0.0505657698509898,3.56038076919236,0.000370317427769718,0.00582501328600304,"ENSMUSG00000030096","Slc6a6"
32.5050528492663,-0.460063864635945,0.129252165805793,-3.55942867005578,0.00037166245928777,0.00584223352670331,"ENSMUSG00000083036","LOC118568411"
2805.08621578972,0.120721737845618,0.0339193063461749,3.55908628005395,0.000372147269519729,0.00584591770686342,"ENSMUSG00000021666","Gfm2"
56.5639159322876,-0.605437476324838,0.170235836349891,-3.55646313553196,0.000375881197025465,0.00590060173649323,"ENSMUSG00000056328","Myh1"
16.5429280104861,-0.558585736890938,0.157097222096511,-3.55566909100262,0.000377018370066769,0.00591447568042244,"ENSMUSG00000004371","Il11"
951.698889329308,-0.144442881575005,0.040646448380813,-3.55364090416295,0.000379937606411271,0.00595387295464372,"ENSMUSG00000020042","Abtb3"
2371.08506509453,0.344571750263233,0.0969649503875336,3.55357011875018,0.000380039870728662,0.00595387295464372,"ENSMUSG00000074923","Pak6"
58.6711386429783,0.372079868911168,0.104712508659988,3.55334690833687,0.000380362513303392,0.0059549310181362,"ENSMUSG00000086495",NA
183.066568212662,0.445158160079965,0.125373714849862,3.5506498360765,0.00038428132341923,0.00601225129529161,"ENSMUSG00000046402","Rbp1"
68.2420100153477,0.35402749136832,0.0997389832956372,3.54953980550357,0.000385905117541774,0.00603361229656907,"ENSMUSG00000030725","Lipt2"
57.4439547906847,-0.372681632362297,0.105045964589253,-3.54779580367073,0.00038846926533307,0.00606963725613779,"ENSMUSG00000080342",NA
76.5141686286358,-1.46783461495662,0.413948822900752,-3.54593257367119,0.000391226296276415,0.00610862570834806,"ENSMUSG00000074489","Bglap3"
12.2645357294133,-0.733986186780498,0.207075389985827,-3.54453605921368,0.000393304702052844,0.00612932139246461,"ENSMUSG00000025461","Scart1"
502.361758293096,0.188042947057202,0.0530518466888426,3.54451275108487,0.000393339478469433,0.00612932139246461,"ENSMUSG00000039183","Nubp2"
2412.93186316527,-0.165811019006167,0.0467756556020726,-3.54481443118074,0.000392889584849896,0.00612932139246461,"ENSMUSG00000086805",NA
535.341750707615,0.218359923074531,0.0616119067682991,3.54411889727267,0.000393927554636732,0.00613439019872264,"ENSMUSG00000036103","Colec12"
258.04938305333,-0.288104110961666,0.0813316112337153,-3.54233866256217,0.000396595945383516,0.00617182610205828,"ENSMUSG00000102472",NA
603.939877815465,-0.398931363910288,0.112632832830456,-3.54187454834587,0.000397294375485902,0.00617857602063118,"ENSMUSG00000061232","H2-K1"
49.4971180686485,0.417540728350767,0.117935021212304,3.54043034934569,0.000399475061339249,0.00620835310042749,"ENSMUSG00000102753",NA
90.9300816063964,0.335013081303037,0.0946771072236995,3.53848032673285,0.000402437268570415,0.00625022831685908,"ENSMUSG00000069633","Pex11g"
33.6891468070637,0.511079267100603,0.14450017877707,3.53687636531634,0.00040488915469551,0.00628231242509396,"ENSMUSG00000032988","Slc16a8"
1475.65538313642,0.141472622593631,0.0400004349896888,3.53677710330149,0.000405041348574151,0.00628231242509396,"ENSMUSG00000036162","Fam219aos"
987.970587692801,0.350318501563756,0.0990590012395389,3.53646308947367,0.000405523163535697,0.0062856090348033,"ENSMUSG00000041544","Disp3"
563.285836472475,-0.296308976941018,0.0837981886372436,-3.53598307743522,0.000406260716847286,0.00629286258352103,"ENSMUSG00000071267","Zfp942"
1005.01543848243,-0.21731099611303,0.0614894243626726,-3.53411986476408,0.000409135488879434,0.0063331894674487,"ENSMUSG00000022664","Slc35a5"
4430.75152513859,-0.243954213138137,0.0690324379549979,-3.53390696265384,0.000409465184882689,0.00633409265123699,"ENSMUSG00000029516","Cit"
16001.9603024316,-0.108237787274112,0.0306477096014543,-3.53167622251863,0.000412934619055352,0.00638353166397952,"ENSMUSG00000003279","Dlgap1"
14.0281484558237,1.02534270833139,0.290345500403922,3.53145720152354,0.000413276735041979,0.00638459220786559,"ENSMUSG00000005883","Spo11"
430.673288776665,-0.210618192149886,0.0597158925648254,-3.52700400351961,0.000420290408252515,0.00648865013216829,"ENSMUSG00000097605",NA
1961.84557131912,-0.191217437337691,0.0542259070442103,-3.52631145813368,0.000421391085066335,0.0065013430923354,"ENSMUSG00000004815","Dgkq"
930.774251057317,-0.454554856706379,0.128984330280761,-3.52410913571397,0.000424909198416267,0.0065512915578804,"ENSMUSG00000078866","Zfp970"
89.836375993952,0.308358606011183,0.0875431893750748,3.52235974280117,0.000427723301936208,0.00659032675715967,"ENSMUSG00000097747",NA
368.065701138349,0.204595355551869,0.0581169053791409,3.52041035593925,0.000430879614044738,0.00663457970359256,"ENSMUSG00000022912","Pros1"
436.28043796832,-0.241219274267059,0.0685616974567181,-3.51828036958008,0.000434353194046848,0.00668365630101225,"ENSMUSG00000029136","Rbks"
15.2651380580301,1.10695599227039,0.314728531000877,3.51717713278213,0.000436162611821964,0.00670707763357055,"ENSMUSG00000047109","Cldn14"
1284.86008115264,0.171258400934019,0.0487097179629126,3.51589801986565,0.000438269291808098,0.00673503625982649,"ENSMUSG00000061099","Gapdhs"
845.442541234877,0.223485192129555,0.0636235014729002,3.51262013180375,0.000443711364038373,0.00681418050707089,"ENSMUSG00000032735","Ablim3"
597.451411025026,-0.865505120956837,0.246455320142504,-3.51181350216498,0.000445060197473833,0.00683040117661518,"ENSMUSG00000002831","Plin4"
597.291065350507,-0.383280612826697,0.109178566222807,-3.51058477947507,0.000447122205137171,0.00685478210715819,"ENSMUSG00000021721","Htr1a"
343.607590059877,0.226504729497527,0.06452175753871,3.51051704321034,0.000447236137137554,0.00685478210715819,"ENSMUSG00000079235","Ccdc13"
225.224734873499,-0.39018741751534,0.111159170389931,-3.51016849214164,0.00044782282654917,0.00685927049877773,"ENSMUSG00000042460","C1galt1"
253.821909685723,0.315853601152289,0.0899909267681734,3.50983829698701,0.000448379281335077,0.00686329020603587,"ENSMUSG00000095990","Zfp97"
1750.15758990004,-0.133069595903534,0.0379306859412491,-3.50823067396265,0.000451097727190097,0.00690037630786267,"ENSMUSG00000049680","Urgcp"
51.2514159392834,-0.458839484820326,0.130806156529379,-3.5077820264314,0.000451859118412583,0.00690749666084147,"ENSMUSG00000025176","Hoga1"
3235.05394386103,-0.229274621277108,0.0653676408361093,-3.50746360652588,0.000452400230277649,0.00691124252314866,"ENSMUSG00000040242","Fgfr1op2"
22.0723073292735,0.604485079844378,0.172420310902336,3.50588092946182,0.000455098761586741,0.00694792046548024,"ENSMUSG00000024184","Pdia2"
1072.77998989081,-0.247881432655084,0.0707342682146485,-3.50440371988961,0.000457631012201414,0.00698201354105726,"ENSMUSG00000028337","Coro2a"
455.71215194435,-0.195107024221987,0.0557098410424648,-3.50220033967188,0.000461432514364231,0.00703541422782772,"ENSMUSG00000041961","Znrf3"
4115.16189325965,-0.276306494546373,0.0789038442051235,-3.5018128372563,0.00046210411307564,0.00704105503363229,"ENSMUSG00000029769","Ccdc136"
6579.13907044398,0.162838209056933,0.0465388590020807,3.49897295611936,0.000467053950290771,0.00710323409388474,"ENSMUSG00000010663","Fads1"
459.928987314531,0.202250879334585,0.0578033409717609,3.49894791433236,0.000467097816652233,0.00710323409388474,"ENSMUSG00000032757","Bet1"
1226.22680073397,-0.317412041197203,0.0907136158810418,-3.49905621239313,0.000466908135700389,0.00710323409388474,"ENSMUSG00000064125","Prr36"
924.260348924998,0.153363159203864,0.0438879251048602,3.49442719922252,0.000475080157780966,0.00721991935096426,"ENSMUSG00000022711","Pmm2"
128.886429668743,0.258778119183174,0.0740877035986094,3.49286192733379,0.000477873526916418,0.0072576458938256,"ENSMUSG00000081769","Gm12216"
477.851756362583,0.217688795872273,0.0623368379626778,3.49213728169221,0.000479171903774609,0.00727263312731514,"ENSMUSG00000022018","Rgcc"
2848.59996310035,-0.146026946261884,0.0418257711509105,-3.49131509697712,0.00048064902955011,0.00729031208368305,"ENSMUSG00000030447","Cyfip1"
3219.26799578978,0.127472699544256,0.036513735402251,3.49108898719789,0.000481055999248271,0.00729174687691714,"ENSMUSG00000034157","Cipc"
2195.98752265444,0.145367900057397,0.0416791545233927,3.48778428256765,0.00048704085415732,0.00737767336703071,"ENSMUSG00000051451","Crebzf"
2275.50801331456,0.224580473016066,0.0644328047174268,3.48549894732931,0.000491220155981407,0.00743615570757068,"ENSMUSG00000045106","Ccdc73"
886.438017402358,0.205023202785838,0.058847558449406,3.48397126725497,0.000494032521411569,0.00747388279151669,"ENSMUSG00000024072","Yipf4"
46.0781879103398,-0.412325039729684,0.118361513227501,-3.48360736937487,0.000494704645688743,0.00747920372040955,"ENSMUSG00000083744","Gm14824"
162.792056945013,-0.449904928473189,0.129173473884259,-3.48295137495727,0.00049591843063701,0.00749270157045937,"ENSMUSG00000074529","Zfp972"
103.412522521919,0.260484579860642,0.0747969741826699,3.48255504593654,0.000496653102359566,0.00749894784500604,"ENSMUSG00000044103","Il36g"
966.000339571403,0.293036979857843,0.084150295330037,3.48230482981139,0.000497117448313248,0.00750110704329422,"ENSMUSG00000063856","Gpx1"
1879.07785116814,0.141898783770467,0.0407554065967098,3.48171679832835,0.000498210299055537,0.00751274096308358,"ENSMUSG00000026755","Arpc5l"
1426.77780256683,-0.234427881765012,0.0673535786931207,-3.4805556930111,0.000500374783457489,0.0075369821567391,"ENSMUSG00000025425","St8sia5"
59.8885572172082,0.319438732895198,0.0917793380594821,3.48050813668073,0.000500463622625438,0.0075369821567391,"ENSMUSG00000095959","Gm10845"
760.369228051491,0.124370587316075,0.0357552756566358,3.47838423930577,0.000504446266590799,0.00759206266990911,"ENSMUSG00000044730","Airim"
8.33023665201038,1.143848009567,0.328898491873998,3.47781469914799,0.000505519257651965,0.00760330929856302,"ENSMUSG00000089956",NA
1657.76052847847,-0.15855717055577,0.0455959032532104,-3.47744335001426,0.00050622001022029,0.00760894636096086,"ENSMUSG00000001151","Pcnt"
144.729950503691,0.262558344127183,0.0755545953593974,3.47508107055894,0.000510698984434076,0.00767132972564005,"ENSMUSG00000068959","Zfp619"
1362.87343445996,0.242389739897469,0.069789530908451,3.47315330454697,0.000514381449378141,0.0077216759953916,"ENSMUSG00000021911","Parg"
524.098356345079,0.233180902873102,0.0671851523138223,3.47072075960938,0.000519063477068164,0.00778695292108107,"ENSMUSG00000060275","Nrg2"
23.2645346365265,-0.492899484218035,0.142028404396034,-3.47042893507152,0.000519627825475326,0.00779041254339791,"ENSMUSG00000022993","Spmip11"
2101.27093207055,-0.133543693010324,0.0384827885167718,-3.47021871744357,0.00052003471167343,0.00779150852027784,"ENSMUSG00000014606","Slc25a11"
899.651089675824,0.205672054875428,0.0592914773837726,3.46882998958157,0.000522730129727321,0.00782686941515386,"ENSMUSG00000046982","Tshz1"
388.632989577183,-0.260747875229306,0.0751953019051859,-3.46760859552215,0.00052511152117633,0.00785245242717429,"ENSMUSG00000002908","Kcnn1"
69.9292155276196,-0.643813877828482,0.185658448837886,-3.46773272026338,0.000524869050428583,0.00785245242717429,"ENSMUSG00000074170","Plekhf1"
3255.08319851218,1.39998825256817,0.403927600266324,3.46593857821329,0.000528383973488562,0.00789632976513669,"ENSMUSG00000052305","Hbb-b1"
5060.16007620736,0.182782561584414,0.0527828970289499,3.46291264543823,0.00053436184824692,0.00798055574128461,"ENSMUSG00000055407","Map6"
82.7117321292694,-0.341038916371687,0.0984934116454561,-3.46255562351028,0.000535071303441858,0.00798604183903024,"ENSMUSG00000065543","Mir330"
1313.84677640852,0.273565655756961,0.0790335939508891,3.46138448324838,0.000537404697968881,0.00801456228508947,"ENSMUSG00000018648","Dusp14"
337.238359447772,0.241525378684416,0.0697797691068681,3.46125219065311,0.000537668874542694,0.00801456228508947,"ENSMUSG00000074250","Gm10653"
358.988925753059,0.200867012512735,0.0580908784475407,3.45780642126335,0.00054459253818732,0.00811258686592636,"ENSMUSG00000061024","Rrs1"
1184.18937581111,0.118798188596747,0.0343583075262446,3.45762632533638,0.00054495668325237,0.00811283409257658,"ENSMUSG00000074797","Itpa"
8925.4829948779,-0.435017033118196,0.125853576936858,-3.45653293061706,0.000547172346897425,0.00814062721072441,"ENSMUSG00000021750","Fam107a"
492.473898094468,0.199866777072013,0.0578387966287593,3.45558325417568,0.000549103585631551,0.00816111050278097,"ENSMUSG00000020037","Rfx4"
3263.24662972017,0.306578953948954,0.0887217111543552,3.45551218478618,0.000549248365671461,0.00816111050278097,"ENSMUSG00000070000","Fcho1"
155.685131413161,1.0339390117199,0.299468260311535,3.45258295701955,0.000555246715186258,0.00824379491856285,"ENSMUSG00000025270","Alas2"
802.572851441809,-0.147287009167673,0.0426615846876942,-3.45245049488652,0.000555519402257609,0.00824379491856285,"ENSMUSG00000028445","Enho"
1975.44011030833,0.136835557231897,0.0396425113713064,3.45173785662175,0.000556988584176872,0.00826034594691278,"ENSMUSG00000022635","Zcrb1"
36.1597173125973,0.632827561489369,0.183352849760274,3.45141928427491,0.000557646525831319,0.00826485260474951,"ENSMUSG00000063011","Msln"
7429.57028602668,-0.180414217392731,0.0522763992202746,-3.45115998966433,0.000558182576552478,0.00826754815004092,"ENSMUSG00000050821","Fam131a"
468.248989863071,0.273296250522038,0.0792126677466925,3.45015839380627,0.000560257728833693,0.00829302229813881,"ENSMUSG00000030786","Itgam"
1029.85398930926,-0.181428516654161,0.0526032525145144,-3.44899807486431,0.000562670713561932,0.00832346163921178,"ENSMUSG00000029059","Prxl2b"
63.3531364336766,0.396784442185542,0.115062478274002,3.44842600418066,0.000563863943646493,0.00833583029546554,"ENSMUSG00000070823",NA
243.529875200101,-0.474782460822644,0.137717330505345,-3.44751426040904,0.000565770538794661,0.00835872258676188,"ENSMUSG00000094786",NA
9611.57675628931,-0.120985431264929,0.0351155171037131,-3.44535525157155,0.000570309322274951,0.00842044940535368,"ENSMUSG00000027581","Stmn3"
612.569628679657,0.144551845340008,0.0419582887114414,3.44513205326676,0.000570780470464529,0.00842207871179109,"ENSMUSG00000019872","Smpdl3a"
334.937529551659,0.256654711150554,0.0745375200617582,3.44329555018603,0.000574670918630085,0.00846877730655434,"ENSMUSG00000032245","Cln6"
1984.9957015103,0.232112322095454,0.0674098488354429,3.4432998457254,0.000574661790219994,0.00846877730655434,"ENSMUSG00000039199","Zdhhc1"
42.7649011141185,-0.480565951506518,0.139590636492834,-3.44268042313274,0.000575979514251614,0.00847735800830733,"ENSMUSG00000046415","B430212C06Rik"
114.085832623242,-0.313173499461745,0.0909674786865153,-3.44269736815481,0.000575943428986324,0.00847735800830733,"ENSMUSG00000097576",NA
2072.73259370519,0.13245089394157,0.0385049139194778,3.43984391754656,0.00058204975196172,0.00856130268433675,"ENSMUSG00000000326","Comt"
10.0685551964772,-0.793894790512369,0.230881156048043,-3.43854303270714,0.000584853573968444,0.00859712655991523,"ENSMUSG00000071640",NA
35375.3343145495,-0.132825837284257,0.0386512180918766,-3.43652396590765,0.000589230220978596,0.00865601072895114,"ENSMUSG00000026576","Atp1b1"
5.58948960353229,1.30690643827447,0.380358683513599,3.43598422994265,0.000590405337996174,0.00866051729776069,"ENSMUSG00000021908",NA
111.908376610574,-0.391658794778062,0.113989567110968,-3.43591790638863,0.000590549888529114,0.00866051729776069,"ENSMUSG00000035459","Stab2"
44.723836977566,-0.371549359608531,0.108143656613986,-3.43570183625991,0.000591021036513421,0.00866051729776069,"ENSMUSG00000039985","Sinhcaf"
1267.64630815047,-0.202061400422207,0.0588107523291649,-3.43579009653313,0.000590828539843109,0.00866051729776069,"ENSMUSG00000040105","Plpp6"
47.5590096634033,-0.550041635220304,0.160109687883416,-3.43540508067706,0.000591668692084938,0.00866456855667423,"ENSMUSG00000021175","Cdca7l"
1407.7928625489,-0.198642655227766,0.0578466355943478,-3.43395347347002,0.000594846289455421,0.00870564071144696,"ENSMUSG00000015747","Vps45"
2413.22977264046,0.143011777058559,0.0416536950554565,3.43335151582968,0.00059616864038695,0.00871189449687555,"ENSMUSG00000024065","Ehd3"
169.422182902984,0.524334634617477,0.152710833770618,3.43351301064248,0.000595813608215836,0.00871189449687555,"ENSMUSG00000039179","Tekt5"
17.1747000362104,2.03649293556742,0.593167783573761,3.43324939749392,0.000596393240200794,0.00871189449687555,"ENSMUSG00000094574",NA
18.2803095505983,-0.570288207372728,0.166174530736065,-3.43186290249567,0.000599450511870889,0.00875107773521086,"ENSMUSG00000103024",NA
503.766373331856,0.595700460288544,0.173626594313272,3.43092866991176,0.000601518747611838,0.00877578257843946,"ENSMUSG00000016918","Sulf1"
34.731871293268,-0.50094116307003,0.146041500859951,-3.43012883406626,0.00060329472637847,0.00878558095239777,"ENSMUSG00000027208","Fgf7"
37.8390132688095,-0.440366020541924,0.128382189182595,-3.43011770827184,0.000603319464794312,0.00878558095239777,"ENSMUSG00000094780",NA
37.8390132688095,-0.440366020541924,0.128382189182595,-3.43011770827184,0.000603319464794312,0.00878558095239777,"ENSMUSG00000096631",NA
17.406688214678,-0.625875745708753,0.182556567713732,-3.42839347577016,0.000607164759807291,0.00883606420709575,"ENSMUSG00000102982",NA
10.908525350687,0.793268587489728,0.231430426599899,3.42767629625962,0.000608770883225112,0.00885391821004598,"ENSMUSG00000047298","Kcnv2"
113.790331654365,-0.273454388646556,0.0797879652731197,-3.42726359433409,0.000609696920504256,0.00886186501577263,"ENSMUSG00000097517",NA
163.145955817589,-0.432451553311148,0.126186672854708,-3.42707786430883,0.000610114096623139,0.00886241030334407,"ENSMUSG00000032278","Paqr5"
8.23989156957179,-0.764997314256102,0.223457874003206,-3.42345203841476,0.000618311618569906,0.00897590056733664,"ENSMUSG00000089723",NA
38.7881182332453,0.508108679990388,0.148647550025717,3.41821092848474,0.000630342363501639,0.00914486127484074,"ENSMUSG00000090273","Prr22"
54.8579410537339,-0.484961236499885,0.141962619658297,-3.41611924087611,0.000635204259442613,0.00920967268830367,"ENSMUSG00000014158","Trpv4"
546.199956292713,0.246835444713065,0.072278860266678,3.41504339999757,0.000637718495821806,0.00924038662195433,"ENSMUSG00000039217","Il18"
1317.28417639321,0.187125889532296,0.0548139499170711,3.41383698520909,0.000640548891832055,0.00927564068364495,"ENSMUSG00000034154","Ino80"
232.786963722991,-0.305131942237678,0.0894026867824878,-3.41300640080369,0.000642504330757049,0.00929818883624414,"ENSMUSG00000044043","Pcdhb14"
914.709869141634,0.115807855563681,0.0339482377197961,3.41130684071268,0.000646522909335011,0.00935054787646044,"ENSMUSG00000043131","Mob1a"
238.010092619074,0.207747927934793,0.0609165116686363,3.41037137951803,0.000648744752223646,0.00937687229173781,"ENSMUSG00000091890",NA
2257.54571609493,0.213924096906579,0.0627368747544764,3.40986218621474,0.000649957135704491,0.00938858256110764,"ENSMUSG00000030235","Slco1c1"
2567.55746724531,-0.292096102802771,0.0857727183008397,-3.40546631363917,0.000660511618722775,0.009535140826126,"ENSMUSG00000006800","Sulf2"
484.455406494591,0.138297420002312,0.040623120022551,3.40440172801941,0.000663091548595649,0.00956646849126591,"ENSMUSG00000031949","Adat1"
778.980369930724,0.153830608017322,0.0451959110573399,3.40363994039545,0.000664943422025786,0.00958726022257438,"ENSMUSG00000025408","Ddit3"
2451.74747377396,0.161019844486368,0.047326291679534,3.40233385655273,0.000668129650719237,0.00962131427312718,"ENSMUSG00000032582","Rbm6"
109.040993217565,0.730755773385224,0.214777416975793,3.40238645046926,0.000668001072545131,0.00962131427312718,"ENSMUSG00000051599","Pcdhb2"
43.3924767929625,-0.557258371606339,0.1638359100867,-3.40132008490351,0.000670612554343381,0.00965111520100958,"ENSMUSG00000085533",NA
1161.54253320575,-0.175046939325357,0.0515361021733473,-3.39658864259015,0.000682314539175534,0.00981347399135828,"ENSMUSG00000055725","Paqr3"
2751.39954309087,0.124975156703058,0.0368047698537898,3.39562391503962,0.000684723717771239,0.00983911824068831,"ENSMUSG00000026626","Ppp2r5a"
21.6551954887123,-0.502301379307707,0.1479298688902,-3.39553724393913,0.000684940544965022,0.00983911824068831,"ENSMUSG00000052955","Cpvl"
3860.42531028511,0.178568005328225,0.0526280242206276,3.39302126524133,0.000691262716486968,0.00992382877672528,"ENSMUSG00000014313","Cox6c"
267.077901954097,0.224984163311115,0.0663196770589828,3.39241946415119,0.000692782944063576,0.0099395404199607,"ENSMUSG00000055541","Lair1"
259.906902148747,-0.948208601587198,0.279611546500836,-3.39116396820316,0.000695964498091676,0.0099790536111511,"ENSMUSG00000097789","Ctxnd1"
156.167274439366,-0.277688366626028,0.0819220752936466,-3.38966469819843,0.000699781588884927,0.0100276253096015,"ENSMUSG00000020672","Sntg2"
3349.53706321755,-0.219634582706425,0.0648278157379883,-3.3879682695791,0.000704124095888208,0.0100836618222813,"ENSMUSG00000037605","Adgrl3"
462.944935948649,-0.303295930454371,0.0895407005397671,-3.3872409823248,0.000705993459109833,0.0100980424730397,"ENSMUSG00000061119","Prcp"
231.240245756682,-0.60388205897374,0.178275428314871,-3.38735441379594,0.000705701600357474,0.0100980424730397,"ENSMUSG00000096265","Potefam3e"
242.484978187463,-0.401875667703313,0.118694717015361,-3.38579237398835,0.000709730598924952,0.01014527946767,"ENSMUSG00000031963","Bmper"
228.81438505394,-0.445900560188107,0.131706614080285,-3.3855593608708,0.000710333442746552,0.0101476827136063,"ENSMUSG00000043336","Filip1l"
309.470914447097,0.325667299488697,0.0961998964123301,3.3853186087938,0.000710956808274785,0.0101503760095158,"ENSMUSG00000030249","Abcc9"
43.6475308166053,0.414215869590416,0.122432544169259,3.38321703923572,0.00071641990596733,0.0102221209443737,"ENSMUSG00000102386",NA
11.574129679643,-0.728153061652208,0.215273610972776,-3.38245388443962,0.00071841338607423,0.010238048639274,"ENSMUSG00000040231","Syngr4"
2998.67115303752,0.996643395839706,0.294639839544023,3.38258192572358,0.000718078562755059,0.010238048639274,"ENSMUSG00000085944","1700003D09Rik"
3240.44192545289,0.0992016261298837,0.0293346563802413,3.38172108934952,0.00072033241081514,0.0102570585995323,"ENSMUSG00000031858","Mau2"
495.825446246097,-0.247145278973773,0.0730851120831622,-3.38160908465941,0.00072062614502133,0.0102570585995323,"ENSMUSG00000032590","Apeh"
924.86113976755,-0.123261125086688,0.0364544608176298,-3.38123572046024,0.000721606102913166,0.0102617994767702,"ENSMUSG00000049971","Glt1d1"
552.817142409083,-0.274600564998231,0.081215203951346,-3.38114726846881,0.000721838441539505,0.0102617994767702,"ENSMUSG00000085990","Gm16731"
57.5235212379336,0.806295505103309,0.238500647200782,3.38068476780496,0.000723054433499612,0.0102728299702869,"ENSMUSG00000096197",NA
232.066425746923,-0.524513201852276,0.155184546782356,-3.37993191157041,0.000725037889829252,0.0102947441984697,"ENSMUSG00000099021",NA
33.5197862848318,0.367960492165708,0.108908829357249,3.37861029576125,0.000728532015485361,0.0103336818489752,"ENSMUSG00000098655","Mir7011"
232.256614787223,-0.524796099727585,0.155331299582151,-3.37855989835475,0.000728665566697215,0.0103336818489752,"ENSMUSG00000099250",NA
1196.55660496378,0.121088378583679,0.0358429407843807,3.3783047912309,0.000729341939867571,0.010336993869052,"ENSMUSG00000037935","Smarce1"
7385.39862649241,-0.181140319051758,0.0536240406798368,-3.37796847748307,0.000730234509841539,0.0103433641767179,"ENSMUSG00000056553","Ptprn2"
1246.68756988424,0.181578105321014,0.0537885123850117,3.37577853094912,0.000736071444683743,0.0104197184555807,"ENSMUSG00000022452","Smdt1"
235.056513133837,-0.25042305362626,0.0742141794324672,-3.37432894281528,0.000739958883128186,0.0104684001265826,"ENSMUSG00000065538","Mir153"
229.249897427717,0.213968667044916,0.0634209428285828,3.37378565347477,0.000741420757579397,0.0104827284943524,"ENSMUSG00000024420","Zfp521"
2193.06459583154,-0.265421102058341,0.0786760555588153,-3.37359442047679,0.000741935962269726,0.0104836629341781,"ENSMUSG00000024981","Acsl5"
19.0665192969068,0.553023589033651,0.164072614888413,3.37060264084757,0.000750039590961568,0.0105909305480597,"ENSMUSG00000073529","F830208F22Rik"
470.250834834766,-0.275987354896992,0.081884240986287,-3.3704575089511,0.000750434782439734,0.0105909305480597,"ENSMUSG00000087341","0610040F04Rik"
1125.09748103889,-0.229831290088815,0.0682139440255208,-3.36927139123971,0.000753671814482462,0.0106301880153862,"ENSMUSG00000000058","Cav2"
175.942496875989,-0.291557222930105,0.0866480181069358,-3.36484583606151,0.000765864378299961,0.010795635376,"ENSMUSG00000030771",NA
326.466326387429,0.325419929032683,0.096763139048483,3.3630567614144,0.000770845124211657,0.0108592865023975,"ENSMUSG00000036362","P2ry13"
66.9474412111247,0.481100449566333,0.143145809908374,3.3609118553612,0.000776856131940211,0.0109373659154887,"ENSMUSG00000044468","Tent5c"
11.9478265237851,0.901674905656473,0.268311653050364,3.36055067085447,0.000777872606491997,0.0109450754993024,"ENSMUSG00000029082","Bst1"
2376.33602498009,-0.33708256333333,0.10035524876889,-3.35889320656864,0.000782553028352688,0.0110042983980945,"ENSMUSG00000018334","Ksr1"
2261.23840811827,0.222478406924015,0.0662795953402274,3.3566651362608,0.000788885948494892,0.0110866735073548,"ENSMUSG00000010064","Slc38a3"
3705.51390462606,0.999923396026986,0.297953345416958,3.35597304547022,0.000790862763724109,0.0111077674450132,"ENSMUSG00000061718","Ppp1r1b"
3342.20098717195,0.260494477462024,0.0776397503746022,3.35516892062597,0.000793165355042002,0.0111334088290712,"ENSMUSG00000023452","Pisd"
502.036071045619,0.251201016331569,0.0748943744791435,3.35407055708201,0.000796320546033786,0.0111709798714343,"ENSMUSG00000023972","Ptk7"
50.3199262635649,-0.417744532037783,0.124560790795281,-3.3537402048479,0.000797271801620319,0.01117760700614,"ENSMUSG00000044244","Il20rb"
576.574539483848,-0.218019106495409,0.0650481957367239,-3.35165493871374,0.000803300744994416,0.011252751547153,"ENSMUSG00000042757","Tmem108"
36.7913370418317,-0.687197339203384,0.205038466110098,-3.35155325847193,0.000803595802986078,0.011252751547153,"ENSMUSG00000078922","Tgtp1"
4507.5826595655,0.310875301173876,0.0927712209811831,3.35098857044181,0.000805236258296843,0.011268962816201,"ENSMUSG00000023795",NA
2761.38574931821,-0.123117788744127,0.0367589736353203,-3.34932607111281,0.000810083986369968,0.0113300122791097,"ENSMUSG00000049047","Armcx3"
462.287985729792,-0.263978070123599,0.078838396756554,-3.34834396669354,0.000812960441567685,0.0113634344835416,"ENSMUSG00000028631","Kcnq4"
4811.4234904414,-0.126243272505608,0.0377063601039852,-3.34806308955464,0.000813784834991993,0.0113681504507589,"ENSMUSG00000064202","Spata6l"
1210.48056846916,0.266941676525328,0.0797768758491764,3.3461034125979,0.000819558240153759,0.0114419545454002,"ENSMUSG00000060802","B2m"
140.223981431251,-0.456420589884514,0.136429475606574,-3.34546906271711,0.000821435225046375,0.0114613045177869,"ENSMUSG00000086585",NA
1523.23163933287,0.165557204762658,0.0495175390696444,3.34340534431261,0.000827569212596422,0.0115399929089834,"ENSMUSG00000097320",NA
2953.33338083622,-0.209012605021491,0.0625226949420957,-3.34298777771918,0.000828815502592949,0.0115504718071804,"ENSMUSG00000097006","9530082P21Rik"
9.09656311332626,1.00742185436333,0.301398020150831,3.3424965892582,0.000830283756655071,0.011564029672792,"ENSMUSG00000072944","Nup62cl"
111.293712280752,0.548261958473864,0.164043505289416,3.34217412330093,0.000831248979232867,0.0115705694229176,"ENSMUSG00000039131","Gipc2"
11.4980302154898,-0.717785911088565,0.214834509369879,-3.3411108540889,0.000834438993752071,0.0116080509124878,"ENSMUSG00000086564","Cd101"
103.948676821419,-0.522248616919164,0.156341015389287,-3.3404453439091,0.000836441428102626,0.0116289769244786,"ENSMUSG00000092746",NA
53.8237405453942,0.404663798650451,0.121186268527757,3.33918853651116,0.000840235161850364,0.0116747674899244,"ENSMUSG00000047821","Trim16"
1726.94764061972,-0.395620198588442,0.118496028625737,-3.33867896820395,0.000841777860675801,0.0116892448552976,"ENSMUSG00000074527","Gm14296"
2008.84600449652,-0.187379036300238,0.056129538103477,-3.33833205530388,0.000842829629048688,0.0116968918138428,"ENSMUSG00000086219","Srrm4os"
30146.4876753821,-0.129510474001792,0.0388307680186327,-3.33525399084683,0.000852215214634241,0.0118201186899626,"ENSMUSG00000019370","Calm3"
6819.0408840833,-0.17656324702759,0.0529527969494887,-3.3343516716598,0.000854984868495011,0.0118514915589543,"ENSMUSG00000033676","Gabrb3"
8.2479674777791,-1.45918372155844,0.437723254988529,-3.33357596364552,0.000857372561694558,0.0118775357315348,"ENSMUSG00000030693","Klk10"
2667.42486140758,-0.236718326123009,0.0710496323399424,-3.33173189398662,0.000863073604771896,0.0119494229870643,"ENSMUSG00000004565","Pnpla6"
1166.17097646636,0.120266676510812,0.0361039402756176,3.33112329548231,0.000864962822180107,0.0119613904965345,"ENSMUSG00000020899","Pfas"
528.602058604079,-0.236071777255124,0.0708684115477715,-3.33112838427303,0.000864947009621564,0.0119613904965345,"ENSMUSG00000031813","Mvb12a"
961.20266386285,-0.222929962399985,0.0669278989728189,-3.33089736599265,0.000865665130137792,0.011964014880288,"ENSMUSG00000024867","Pip5k1b"
1754.01266943715,0.147444111710484,0.0442856177863374,3.32939042245837,0.000870363046827315,0.012016952784863,"ENSMUSG00000058979","Hdhd5"
425.006969672586,0.294018826869151,0.0883114828639774,3.32933857901601,0.000870525089286008,0.012016952784863,"ENSMUSG00000087111",NA
171.162661702926,0.313952707636523,0.0944747618204747,3.32313838729872,0.000890107446848143,0.0122800107161798,"ENSMUSG00000051486","Pcdhb11"
419.949872001677,-0.433184257740279,0.130370303673794,-3.32272185868471,0.000891437516857082,0.0122838405879545,"ENSMUSG00000031548","Sfrp1"
39.7041304361482,0.394197052518754,0.118632919173535,3.32283025036353,0.000891091220511218,0.0122838405879545,"ENSMUSG00000087347",NA
26.384304161229,0.508147561705568,0.15297224493417,3.32182849198718,0.000894296454044393,0.0123159658564946,"ENSMUSG00000010476","Ebf3"
15568.3331180941,0.210312698394012,0.0633224270919598,3.32129875705152,0.000895995714395586,0.0123320919582171,"ENSMUSG00000005360","Slc1a3"
1429.81895629136,-0.128993320561003,0.0388533629237284,-3.32000400619698,0.000900161563468495,0.0123821280943106,"ENSMUSG00000021893","Capn7"
137.23271802857,-0.25234808862376,0.0760219131689988,-3.3194124970623,0.00090207070652909,0.0124010815680262,"ENSMUSG00000054057","A930004D18Rik"
2085.08826929065,-0.195677260580123,0.0589634234435065,-3.31862109003226,0.000904630905766984,0.0124289577594577,"ENSMUSG00000059248","Septin9"
1253.09948747546,0.332802453231131,0.100381185575018,3.31538675624045,0.000915164122289413,0.0125662800627069,"ENSMUSG00000040339","Eeig2"
1816.77425140785,-0.141852707504559,0.042806722237544,-3.313795125854,0.00092038918770952,0.0126305965953576,"ENSMUSG00000006941","Eif1b"
4245.04026402929,0.129734882425664,0.0391552061080339,3.31334949604683,0.000921857063886542,0.012639218980498,"ENSMUSG00000024589","Nedd4l"
1340.12651058485,-0.20018784445308,0.0604199178312992,-3.31327568190398,0.000922100412277262,0.012639218980498,"ENSMUSG00000057455","Rit2"
57.8871190423073,-0.364977844569917,0.110252336485176,-3.31038648436253,0.000931672330513522,0.0127629267671227,"ENSMUSG00000027843","Ptpn22"
990.162747388618,-0.13449788416615,0.0406400515162219,-3.30949098606491,0.000934657755423253,0.0127963143606129,"ENSMUSG00000029234","Tmem165"
439.239238096823,-0.231168454276055,0.0698800047143962,-3.30807725644631,0.000939388913012565,0.0128535494703706,"ENSMUSG00000019158","Tmem160"
68.9559877098133,0.902667802354922,0.273013722352179,3.3063092747789,0.000945336824619937,0.012927356471648,"ENSMUSG00000087461","C230014O12Rik"
498.717857080562,-0.136009050680931,0.0411511278503597,-3.30511113025891,0.000949387479939952,0.0129751475083362,"ENSMUSG00000021906","Oxnad1"
172.134614049886,0.400243355281153,0.121107233127578,3.3048674711239,0.000950213201046404,0.0129788336758492,"ENSMUSG00000084898","Gm12371"
729.963161053833,-0.252676705408015,0.0765631563967376,-3.30023887858915,0.000966025639387625,0.0131816871391661,"ENSMUSG00000024180","Pgap6"
1137.30954663196,-0.322115963365718,0.0976052790890886,-3.3001899730414,0.000966194006559278,0.0131816871391661,"ENSMUSG00000095595","Fam177a"
1847.45767558086,-0.177058361651468,0.0536714297400292,-3.29893134036291,0.000970536463360831,0.0132331966496681,"ENSMUSG00000023915","Tnfrsf21"
66.9870347500503,0.357508138366953,0.108431368725133,3.29709144660172,0.000976916881122984,0.0133124172539719,"ENSMUSG00000025877","Hk3"
546.159332139271,0.192613210177951,0.0584465681617921,3.29554354063627,0.000982314799693678,0.0133703640637023,"ENSMUSG00000021179","Nrde2"
1479.8813480565,0.215167576245952,0.0652900819689602,3.29556296694872,0.000982246884704678,0.0133703640637023,"ENSMUSG00000041870","Ankrd13a"
813.45096970379,-0.156213350876784,0.0474259055138906,-3.29384013197239,0.000988286903786303,0.0134438118852469,"ENSMUSG00000043090","Zfp866"
9.82078440499942,0.786335502992142,0.238757704397027,3.29344556640801,0.000989675026716872,0.013454521371055,"ENSMUSG00000001588","Acap1"
99.7057824352305,-0.317195082086883,0.0963155977772394,-3.29328882763618,0.000990226950926291,0.013454521371055,"ENSMUSG00000062743","Zfp677"
11.2303266778684,0.662074203237557,0.201106517151283,3.29215687594803,0.000994221360843533,0.0135009361408788,"ENSMUSG00000058101","1700084J12Rik"
174.819030093758,-0.190407101546475,0.0578695386442348,-3.29028200340499,0.0010008702071137,0.0135833216538692,"ENSMUSG00000032477","Cdc25a"
130.831194173739,0.223367733995526,0.0678983500941388,3.28973728648538,0.0010028096354993,0.013601734643498,"ENSMUSG00000040165","Cd209c"
1071.30753054626,-0.219203422805232,0.066635836666935,-3.28957260491638,0.00100339665781225,0.0136017933700995,"ENSMUSG00000054733","Msra"
173.288552066236,-0.238552330599993,0.0725299539685581,-3.2890180890423,0.00100537561942169,0.0136207098573189,"ENSMUSG00000092373",NA
18.3727397831137,0.550528315966717,0.167426820948781,3.28817278406746,0.00100839930490512,0.013653749985151,"ENSMUSG00000089701",NA
40.9013136441142,0.37851025810305,0.115167559546404,3.28660483554433,0.00101403021133547,0.0137220331728718,"ENSMUSG00000037731","Themis2"
592.33681625447,0.223122061643973,0.0679050937495295,3.28579270454979,0.00101695821072909,0.0137457183051819,"ENSMUSG00000015217","Hmgb3"
30.4801647676413,-0.871803163576857,0.2653139848218,-3.28592993001259,0.00101646291900884,0.0137457183051819,"ENSMUSG00000102767",NA
148.400966274494,-0.243280093953859,0.0740728153767007,-3.2843370771942,0.00102222581732015,0.0138089220218196,"ENSMUSG00000034226","Rhov"
548.041855296508,0.986626601518849,0.300441089093505,3.28392699046496,0.00102371438710071,0.0138210323528583,"ENSMUSG00000021478","Drd1"
43.158891061305,0.487719337262484,0.148539193769933,3.28343869980806,0.00102548944504627,0.0138369942865406,"ENSMUSG00000032091","Tmprss4"
161.980230437925,0.266160838356199,0.0811189757082271,3.28111685376231,0.0010339689748307,0.0139433493815557,"ENSMUSG00000052407","Ccdc171"
366.387311143247,0.396375137400925,0.120819871602464,3.28071146032275,0.00103545613431263,0.013955342115046,"ENSMUSG00000021990","Spata13"
12.8855534294981,-0.777200358654494,0.236916905532939,-3.28047657429173,0.00103631870389228,0.0139589079659305,"ENSMUSG00000081242",NA
485.141323553745,-0.159154975496983,0.0485444283332213,-3.27854258380597,0.0010434461956448,0.0140468076960418,"ENSMUSG00000054648","Zfp869"
329.938847604895,0.174865448934256,0.0533684104905644,3.27657217681558,0.0010507545229684,0.0141370390948999,"ENSMUSG00000054836","Elp6"
189.429978313943,0.397662227505844,0.121374294551409,3.2763298767303,0.00105165648756056,0.0141410238416625,"ENSMUSG00000078606","Gvin2"
480.657303508914,0.18249191234988,0.0557279630571412,3.27469195604297,0.00105777247782355,0.0142150736613904,"ENSMUSG00000023084","Lrrc71"
1508.66141028318,0.0854853622262585,0.0261109124105727,3.2739324035128,0.00106061979793322,0.0142451369063033,"ENSMUSG00000024507","Hsd17b4"
288.113682372288,0.670002855772398,0.204690482506154,3.27324870003301,0.0010631888464433,0.0142632283003023,"ENSMUSG00000055639","Dach1"
24.0608087555365,0.67975142477705,0.207663199034534,3.27333599760258,0.00106286050135578,0.0142632283003023,"ENSMUSG00000069456","Rdh16"
5287.03384255882,0.20321302381842,0.0621098418336505,3.27183289828185,0.00106852710280399,0.0143266100865902,"ENSMUSG00000023150","Ivns1abp"
73.1769506313195,-0.513748887684673,0.15704063643515,-3.27143915961412,0.00107001608823083,0.0143383384314422,"ENSMUSG00000055415","Atp10b"
34.7676080558198,0.469709223326352,0.143589309690449,3.27119911878505,0.00107092478234034,0.0143422818096217,"ENSMUSG00000029915","Clec5a"
55.2501218800686,-0.413407480374526,0.126423873389089,-3.27001118769871,0.00107543230937341,0.0143943901362979,"ENSMUSG00000086916",NA
586.264542027688,-0.200377645314289,0.0612907786450279,-3.26929514919035,0.00107815774119324,0.0144225995144262,"ENSMUSG00000020635","Fkbp1b"
1059.84836435493,-0.434193219754141,0.132827746293259,-3.26884428796618,0.00107987711455889,0.0144373261656061,"ENSMUSG00000079657","Rab26"
5271.21059517774,0.0702290672549995,0.0214960021877669,3.26707574001672,0.00108664604238906,0.0145195069075488,"ENSMUSG00000020777","Acox1"
337.637208147806,0.520025210249482,0.159192190925701,3.26665024977381,0.001088280406529,0.0145330260466856,"ENSMUSG00000025269","Apex2"
196.178899415909,0.200347303892939,0.0614017214227272,3.26289392627325,0.00110280788463834,0.0147101968292073,"ENSMUSG00000053178","Mterf1b"
158.784307541336,0.328459155966094,0.100663470350866,3.26294290094748,0.0011026173280976,0.0147101968292073,"ENSMUSG00000079070","Gm3985"
8.83486050144879,0.99638576754766,0.305393771528115,3.26262635469607,0.00110384952205877,0.0147156821207412,"ENSMUSG00000066009","Zfp987"
2052.85368936841,0.143284609899263,0.0439314118634145,3.2615525843955,0.00110803879265285,0.0147630990507395,"ENSMUSG00000093456",NA
1665.7773680872,-0.252845006330761,0.0775377726376898,-3.26092687124542,0.00111048676131403,0.0147788440532232,"ENSMUSG00000038255","Neurod2"
4574.48053546118,-0.168318740374615,0.0516163448141533,-3.26095815154392,0.0011103642651943,0.0147788440532232,"ENSMUSG00000046456","Tmem150b"
30.9154121731015,-0.796382367213685,0.244343894587215,-3.25926853445249,0.00111699885933973,0.0148510963634328,"ENSMUSG00000023873","1700010I14Rik"
39.2166505845947,0.439189013357551,0.13475277950888,3.25922044026266,0.00111718824547779,0.0148510963634328,"ENSMUSG00000067736","Gm10222"
879.563670076327,0.119116512536631,0.0365662870782724,3.25755011116264,0.00112378414660469,0.0149302750906051,"ENSMUSG00000036810","Cnep1r1"
1367.13403568637,0.330420437035181,0.101530196585609,3.25440556747641,0.00113629930804949,0.0150879606073943,"ENSMUSG00000022899","Slc15a2"
6.58046982932916,-0.882821556514536,0.271300252455235,-3.25403883160855,0.0011377672619429,0.0150988636700018,"ENSMUSG00000084693",NA
483.530125986431,0.179996725243251,0.0553201620218061,3.25372736927813,0.00113901534581353,0.015106838191662,"ENSMUSG00000022247","Brix1"
83.4046859018645,0.308960890892381,0.0950124600814241,3.25179340296638,0.0011467934554593,0.015201362652349,"ENSMUSG00000094622","Gm3055"
116.284925963566,0.442615805698398,0.136154969047256,3.2508237400045,0.00115071173967515,0.0152446448009291,"ENSMUSG00000023968","Crip3"
18.6958972314991,0.584490355021247,0.179842715693243,3.25000850197463,0.00115401558342799,0.0152797423505159,"ENSMUSG00000079554","Aox2"
2230.28713743397,-0.187204724388332,0.0576204250725803,-3.24892994372263,0.00115840003466276,0.01532909977842,"ENSMUSG00000063919","Srrm4"
707.589226031103,0.265837785673083,0.0818794033563681,3.24669910595297,0.00116751751519765,0.015440997936124,"ENSMUSG00000027287","Snap23"
16.6787264209363,-0.526181508846266,0.162078383556405,-3.24646320687885,0.00116848550679555,0.0154450493687024,"ENSMUSG00000097002",NA
1097.06616984181,-0.146724420565329,0.0452014324976414,-3.24601262521902,0.00117033649146221,0.0154520162444584,"ENSMUSG00000022427","Tomm22"
108.822169507322,0.303163704193467,0.0933955822884421,3.24601760345772,0.00117031602611617,0.0154520162444584,"ENSMUSG00000022831","Hcls1"
11494.2135536074,-0.386637978130707,0.119160079524432,-3.2446938578237,0.00117576955572041,0.0155053683451656,"ENSMUSG00000030209","Grin2b"
35.9481119607156,0.608105357698531,0.18741708707352,3.24466337191541,0.00117589542687777,0.0155053683451656,"ENSMUSG00000066510","Ankdd1a"
4698.4541261866,-0.212368932520967,0.0654540799547818,-3.24454843254507,0.00117637010406924,0.0155053683451656,"ENSMUSG00000087306","A230004M16Rik"
713.998181854429,0.162045826644001,0.0499771083103953,3.24240101363157,0.00118527114502753,0.0155874841342973,"ENSMUSG00000020086","Macroh2a2"
147.958139873852,0.415493959829704,0.128135216289937,3.24262112992847,0.00118435590994858,0.0155874841342973,"ENSMUSG00000021806","Nid2"
313.448054459301,0.178026356386112,0.0549037990251734,3.24251435323241,0.00118479980175456,0.0155874841342973,"ENSMUSG00000024663","Rab3il1"
12.2603232101701,1.15653406187426,0.356674530095082,3.24254737664042,0.00118466250051163,0.0155874841342973,"ENSMUSG00000071613",NA
140.402479548232,0.294997642358209,0.0910799384399275,3.23888715134318,0.00119997041130714,0.0157719083959136,"ENSMUSG00000086451",NA
2436.75560739327,-0.0862515173748063,0.0266407785617074,-3.2375749520617,0.00120550268565337,0.0158357057913374,"ENSMUSG00000026618","Iars2"
532.330131664771,-0.444327924682465,0.137297612701223,-3.23623926112523,0.0012111581913818,0.0158864108883203,"ENSMUSG00000025937","Lactb2"
195.877016009258,0.370938452222233,0.114622273143204,3.23618125910658,0.00121140433454184,0.0158864108883203,"ENSMUSG00000060176","Kif27"
3543.95395026889,-0.308026529403214,0.0951736485712786,-3.23646864470602,0.00121018520885846,0.0158864108883203,"ENSMUSG00000062785","Kcnc3"
371.267506112592,0.238246090068765,0.0736232949967656,3.23601504223944,0.00121210996500779,0.015886739423457,"ENSMUSG00000030659","Nucb2"
14.98172791977,0.728567025128989,0.225165400778015,3.23569705919102,0.00121346093732921,0.0158955211336003,"ENSMUSG00000031554","Adam5"
120.67192375739,-0.457126434234101,0.141468437471484,-3.23129626936216,0.00123230137027315,0.0161332646586014,"ENSMUSG00000100837","1700063D05Rik"
2010.64415742215,0.380625949784494,0.117804385022276,3.23099984531576,0.00123358006628256,0.0161406280030827,"ENSMUSG00000024008","Cpne5"
200.853644882119,-0.27518562537577,0.0851744945318475,-3.23084541784836,0.00123424671145537,0.0161406280030827,"ENSMUSG00000059897","Zfp930"
1255.48097413885,0.149503984376045,0.0462897295937775,3.22974417193706,0.00123901031465982,0.0161938509379083,"ENSMUSG00000021276","Cinp"
1233.13944378092,-0.120524439194291,0.0373286135515935,-3.22874137898824,0.00124336280827497,0.0162416441150323,"ENSMUSG00000022526","Zfp251"
1955.03598304765,-0.318586259086742,0.0987230739351222,-3.22706988739135,0.00125064909487881,0.0163276855826377,"ENSMUSG00000034040","Galnt17"
192.375276592641,0.237612416141767,0.0737632067519399,3.22128641913358,0.00127616541330484,0.0166514976203325,"ENSMUSG00000098960","Mir7056"
917.042840135109,0.128493986731982,0.0399277516090796,3.21816234457746,0.00129014772786152,0.016824535425403,"ENSMUSG00000035139","Secisbp2"
1094.80281627357,0.364592409831555,0.113303783210296,3.21783085702318,0.00129163962401046,0.0168251918210246,"ENSMUSG00000003134","Tbc1d8"
1179.43615321345,-0.0988466407325149,0.0307169613314343,-3.21798239304875,0.00129095742201107,0.0168251918210246,"ENSMUSG00000021048","Mthfd1"
5.03533133684344,-1.20809181135214,0.375515626835281,-3.21715456034023,0.00129468831105349,0.0168554987422876,"ENSMUSG00000081635","Gm15071"
45.5984357340296,0.621839922561841,0.193330619126687,3.21645854842247,0.00129783280640054,0.0168870185060244,"ENSMUSG00000028976","Slc2a5"
179.659383735749,-0.341305295436779,0.106178158552924,-3.21445860512506,0.00130690757047191,0.0169956230738305,"ENSMUSG00000015354","Pcolce2"
2912.18085621245,0.14936238780917,0.0464795781074392,3.213505670467,0.00131125208814908,0.0170426266668507,"ENSMUSG00000021665","Hexb"
9.29834219606328,-1.18052890501054,0.367416287751002,-3.21305544791359,0.00131330932711038,0.0170598662341333,"ENSMUSG00000099715",NA
1573.99230200542,-0.138267788816909,0.0430392398264185,-3.21259830272459,0.00131540124543525,0.0170775368588404,"ENSMUSG00000039611","Pgap4"
50.7226275191811,-0.560993446993781,0.174638276531829,-3.21231667040378,0.00131669153868761,0.0170826082495987,"ENSMUSG00000038704","Aspdh"
40.0189724378786,0.356265207870383,0.11091025196113,3.21219365722152,0.00131725548769557,0.0170826082495987,"ENSMUSG00000046731","Kctd11"
240.400283173494,0.242385093021604,0.0754805492240931,3.21122587889485,0.00132170000937028,0.0171307292163967,"ENSMUSG00000024084","Qpct"
374.457482196541,0.221805987840431,0.069075740657212,3.21105478899085,0.00132248717760151,0.0171314196374872,"ENSMUSG00000031951","Tmem231"
850.817938651019,-0.154674812557574,0.0481998918984802,-3.20902820453113,0.00133184426584459,0.0172430619509763,"ENSMUSG00000018659","Pnpo"
1458.89238846956,0.136053440793087,0.0424058760473418,3.20836293161818,0.00133492923773733,0.0172734219492807,"ENSMUSG00000000759","Tubgcp3"
7.47744791602531,-1.24223795825343,0.387355058875281,-3.2069749182065,0.00134138690553589,0.0173473653938639,"ENSMUSG00000091834",NA
864.646532818801,-0.187662895217125,0.0585269804665163,-3.20643391682385,0.00134391168567289,0.0173703933990378,"ENSMUSG00000029253","Cenpc1"
6317.59995970853,-0.180708445530534,0.0563741566382079,-3.2055192717164,0.00134819018420848,0.0174160506197999,"ENSMUSG00000058975","Kcnc1"
5665.54654020176,0.469884833023093,0.146640581046395,3.20433013610623,0.00135377147435601,0.0174784776138785,"ENSMUSG00000022489","Pde1b"
32.9726533945277,0.478236800493892,0.149261561639383,3.20401847093973,0.00135523781747674,0.0174877370775895,"ENSMUSG00000092009","Myh15"
4748.12865134241,0.198957129646487,0.062108209307506,3.20339504012141,0.00135817537397181,0.0175159600854276,"ENSMUSG00000022636","Alcam"
19.0593668979901,0.568300715764788,0.177417990408837,3.20317412261975,0.0013592177283166,0.0175197235958555,"ENSMUSG00000041673","Lrrc18"
523.824855681534,0.188892513910382,0.0589800339678093,3.20265183321999,0.00136168497992127,0.0175418391204758,"ENSMUSG00000022722","Arl6"
63.2138109869847,0.387398811968554,0.120984602587937,3.20205053934013,0.00136453055739789,0.0175688013245113,"ENSMUSG00000103280",NA
2247.52634549087,-0.188312333022728,0.0588322601206719,-3.20083458695071,0.00137030172768642,0.0176333810525822,"ENSMUSG00000097816",NA
353.927176923667,-0.193570701959141,0.0604811958669498,-3.20051049230192,0.00137184374566429,0.0176434978264691,"ENSMUSG00000003779","Kif20a"
1212.97638519714,-0.1545540321913,0.0482937339286194,-3.20029162416264,0.00137288600901143,0.0176471795750847,"ENSMUSG00000018001","Cyth3"
2185.02535220182,0.327932200864546,0.102483378665052,3.19985743187029,0.00137495582091107,0.0176640581879621,"ENSMUSG00000024077","Strn"
68.05524727657,0.413828417202738,0.12934824469041,3.19933539255381,0.00137744821331928,0.017686302916155,"ENSMUSG00000009734","Pou6f2"
194.589409587955,-0.309611897340271,0.096778591821835,-3.19917754032062,0.00137820267337043,0.017686302916155,"ENSMUSG00000047307","Pcdhb13"
49.5335438385998,0.338483718767042,0.105843488792633,3.19796449104389,0.00138401321316334,0.0177511101290504,"ENSMUSG00000032495","Lrrc2"
18.4826695480603,0.824665966239202,0.257956394460772,3.19692003744692,0.00138903426632045,0.0178057259081375,"ENSMUSG00000030236","Slco1b2"
77.3423850711921,0.349787576463167,0.109467577852779,3.19535321164765,0.00139659805336411,0.0178928585947741,"ENSMUSG00000027907","S100a11"
31.8059148269337,1.17110542125698,0.366623336247603,3.19430135910951,0.00140169711531029,0.0179483355801909,"ENSMUSG00000079388","2610042L04Rik"
155.697117065752,-0.215403433232158,0.0674447274430641,-3.19377720688394,0.00140424444958772,0.0179710954971087,"ENSMUSG00000072082","Ccnf"
45.6683064634962,-0.401722975192194,0.125995180148996,-3.18839954605514,0.00143062708298403,0.0182987002729294,"ENSMUSG00000063458","Lrmda"
50.5009529017997,-0.438808146116218,0.137699309178981,-3.18671276372096,0.00143899605167441,0.0183873085007853,"ENSMUSG00000043623",NA
600.901819480091,0.190881056690742,0.0598995529605143,3.18668583080363,0.00143913004459301,0.0183873085007853,"ENSMUSG00000054894","Dmac2l"
177.101800393893,-0.468207755018658,0.146961420808175,-3.18592289353134,0.00144293048494118,0.0184257802571017,"ENSMUSG00000024598","Fbn2"
3291.60452561705,-0.135539818140627,0.0425531012847446,-3.18519247830284,0.00144657758790588,0.0184622529439513,"ENSMUSG00000024188","Luc7l"
292.168201614408,-0.218937749293899,0.0687733200737881,-3.18346924445405,0.00145521571864765,0.0185623500111432,"ENSMUSG00000075705","Msrb1"
852.314630501573,0.294276775622152,0.09248133982501,3.1820124597997,0.0014625552631465,0.0186457823635329,"ENSMUSG00000031932","Gpr83"
35.534892872363,0.687661308335505,0.216151482588641,3.18138603584874,0.0014657217765965,0.0186759516545263,"ENSMUSG00000102374",NA
1879.29415718419,-0.216771522908501,0.0681484939076227,-3.18087033885651,0.00146833331596766,0.0186990205098925,"ENSMUSG00000051339","2900026A02Rik"
539.712888450707,-0.360505749915086,0.113351783468407,-3.18041533078801,0.00147064108081236,0.0187181977913865,"ENSMUSG00000000126","Wnt9a"
1079.30075606724,0.141888238594988,0.0446190504093847,3.17999234168248,0.00147278944544938,0.0187353264442098,"ENSMUSG00000027122","Arl14ep"
3430.5846954573,-0.197640306436435,0.0621739774258769,-3.17882681178085,0.00147872415238825,0.0188005761923742,"ENSMUSG00000026458","Ppfia4"
292.576400817053,0.135728111874223,0.0427106784587848,3.17784958637917,0.00148371701536992,0.0188537867663474,"ENSMUSG00000028187","Rpf1"
12369.6984369025,-0.128378606782216,0.0404042862771945,-3.17735118253227,0.00148626944914556,0.0188759454577828,"ENSMUSG00000038486","Sv2a"
12.8807811612442,0.860924869594374,0.271020633637378,3.17660267426826,0.0014901103229824,0.018914434621739,"ENSMUSG00000031173","Otc"
2918.48905060495,-0.200170402087837,0.0630348406937683,-3.17555180412514,0.00149551816193339,0.0189599221575717,"ENSMUSG00000024404","Riok3"
59.6811671813421,0.381737147230669,0.120214520116,3.17546621541488,0.00149595940177168,0.0189599221575717,"ENSMUSG00000040552","C3ar1"
101.881220447507,-0.309100193931126,0.0973411161885926,-3.17543301365338,0.00149613060079026,0.0189599221575717,"ENSMUSG00000056870","Gulp1"
385.260795425328,-0.319282227286242,0.100569995271711,-3.17472648202512,0.00149977798808757,0.0189958315658862,"ENSMUSG00000048706","Lurap1l"
1684.39627884237,0.125519281419143,0.0395444670141249,3.17413005906259,0.00150286332679644,0.0190245871135626,"ENSMUSG00000027236","Eif3j1"
211.001606444001,0.223357844035061,0.0703818059395057,3.17351680670201,0.00150604182152973,0.019054490102964,"ENSMUSG00000028159","Dapp1"
22.883589969111,-0.57775757043876,0.182149473525609,-3.17188712795006,0.00151451858705854,0.0191513582761146,"ENSMUSG00000088356",NA
10.7829239375266,-0.653713923886941,0.206125871255199,-3.17143073747203,0.00151690036510669,0.0191710910788768,"ENSMUSG00000103695","A830029E22Rik"
10.2111504945785,0.636465575124131,0.200715823408028,3.17097857217905,0.00151926349519421,0.0191905669741983,"ENSMUSG00000085689",NA
300.376179503289,0.266416662167725,0.084063833879002,3.16921855540391,0.00152849411301656,0.0192967215144108,"ENSMUSG00000020471","Pold2"
447.130499378304,0.255531060247794,0.0806542851568969,3.16822670674855,0.0015337187117218,0.0193522139933632,"ENSMUSG00000068299","Nat8f4"
1394.23805025275,0.243595115767118,0.0769857503853465,3.16415849099113,0.0015553207327779,0.0196035917198891,"ENSMUSG00000030747","Dgat2"
282.508781643444,-0.976504058011659,0.308600700315756,-3.16429631239499,0.00155458434630447,0.0196035917198891,"ENSMUSG00000091345","Col6a5"
629.129666449554,0.154845140497957,0.0489485597233132,3.1634258775587,0.00155924051674428,0.0196423914637677,"ENSMUSG00000029387","Gtf2h3"
4.86719708755892,-1.03377527640812,0.327061100125305,-3.16080168510428,0.00157335579729664,0.0198095169235682,"ENSMUSG00000053593","Fate1"
2517.36158513453,0.152726413089153,0.0483355007728148,3.15971512961029,0.00157923464258519,0.0198728163136744,"ENSMUSG00000042508","Dmtf1"
86.3803197351845,0.319531682697796,0.101219881755069,3.15680750814349,0.00159506604069379,0.020061221221937,"ENSMUSG00000092242",NA
685.407892143277,0.162186166006619,0.0514250526053353,3.15383568493992,0.00161139786590199,0.0202557137230749,"ENSMUSG00000052430","Bmpr1b"
121.482361559023,1.36703927247387,0.43363983849157,3.15247620520559,0.00161892015494957,0.0203393181792184,"ENSMUSG00000046922","Gpr6"
389.239706370877,0.260781938742508,0.0827301717947738,3.15219868501448,0.00162045969958805,0.0203477088582485,"ENSMUSG00000071855","Ccdc112"
11.9269604424,0.597605348198735,0.18963412246059,3.15135978928545,0.00162512167444838,0.0203952770143272,"ENSMUSG00000085625",NA
32.1167230010748,-0.691470367302724,0.219670173627621,-3.14776628926823,0.00164523176525248,0.0206365637271836,"ENSMUSG00000031861","Lpar2"
351.790866190243,-0.228213677923491,0.0725477993061424,-3.14570090486768,0.00165689353212913,0.0207716786898444,"ENSMUSG00000028545","Bend5"
230.07594793364,0.594129784983562,0.189033383910363,3.14298867582718,0.00167232309584505,0.0209538583071986,"ENSMUSG00000019359","Gdpd2"
453.473156563142,0.459260204923313,0.146150981852919,3.14236824892149,0.00167587116171429,0.0209870496394296,"ENSMUSG00000062960","Kdr"
3973.07713404917,0.288450290740612,0.09180533309036,3.14197749772012,0.00167810932275494,0.0210038101453451,"ENSMUSG00000025221","Kcnip2"
48.3778179217942,0.345926522678684,0.110213681255256,3.13868948699314,0.00169705173488814,0.0212182641938387,"ENSMUSG00000031101","Sash3"
761.531717860886,0.219775219942318,0.070021368830982,3.13868785502912,0.00169706118536164,0.0212182641938387,"ENSMUSG00000045327","6330549D23Rik"
673.965174561409,0.119679917613142,0.0381617978974511,3.13611842751087,0.00171200055882679,0.0213935915656818,"ENSMUSG00000024982","Zdhhc6"
8.98173142668071,-1.15686076272597,0.36912409900684,-3.13406999390883,0.00172399727571177,0.0215319788159121,"ENSMUSG00000034634","Ly6d"
15.8273085369041,0.506590113075545,0.161664884693549,3.13358163113676,0.00172686877742651,0.0215563090221748,"ENSMUSG00000066158","AY512931"
316.120322066479,-0.19538162229279,0.0623964300089408,-3.13129488762087,0.00174037310077192,0.0217132705993153,"ENSMUSG00000026956","Uap1l1"
97.7755566688508,0.236878909287616,0.075695018245836,3.12938572150548,0.00175172195295302,0.0218315245850413,"ENSMUSG00000086350",NA
83.9557221505547,0.356369814745821,0.113876763102992,3.12943400422714,0.00175143410435252,0.0218315245850413,"ENSMUSG00000086810",NA
53.6337076920484,-0.750693994669831,0.240003968742821,-3.12783992115666,0.0017609606190161,0.0219349539646173,"ENSMUSG00000064023","Klk8"
19.9722584797658,-0.83174347453467,0.265971928433251,-3.12718518617429,0.00176488721137001,0.0219721398266721,"ENSMUSG00000052013","Btla"
1535.85301580574,-0.248773196688413,0.079580168384662,-3.12607024762668,0.00177159227649764,0.0220438584809619,"ENSMUSG00000000805","Car4"
722.373097434702,0.166981103744371,0.0534435157696019,3.12444084824502,0.00178143335437692,0.0221545012206822,"ENSMUSG00000025759","Mfsd8"
520.774627477116,0.344510793268312,0.110269888739323,3.12425084678132,0.00178258417117438,0.0221570086835589,"ENSMUSG00000022836","Mylk"
111.833005358614,0.299334745071078,0.0958428492243938,3.12318287168462,0.00178906549806696,0.0222139127241367,"ENSMUSG00000004266","Ptpn6"
322.005536656873,-0.160681510648595,0.0514454895731728,-3.12333524244242,0.00178813946762117,0.0222139127241367,"ENSMUSG00000025521","Tmem192"
1116.39052379415,-0.125387147192188,0.0401582426680085,-3.12232654772207,0.00179427799600594,0.0222667896123162,"ENSMUSG00000024644","Cndp2"
291.235188452255,-0.452232622822326,0.144884974155336,-3.12132176203084,0.00180041198666864,0.0223191805654838,"ENSMUSG00000020183","Cpm"
27.334973663577,-0.480638306415332,0.153981761513375,-3.12139763626215,0.00179994811967428,0.0223191805654838,"ENSMUSG00000079465","Col4a3"
292.321399358307,0.196611193146474,0.0630088755879302,3.12037298415362,0.00180622174818819,0.0223793175519941,"ENSMUSG00000085436","Zfp335os"
19.8723153100093,0.525877135796809,0.168606475070762,3.11896168623479,0.0018148955942718,0.022465952684044,"ENSMUSG00000024043","Arhgap28"
5.05437387714615,-1.38503794298575,0.444075824171464,-3.11892219210512,0.00181513887512775,0.022465952684044,"ENSMUSG00000074695","Il22"
61.1270698728296,-0.435983704416108,0.139863412389479,-3.1172105482599,0.00182571131146075,0.0225848326144294,"ENSMUSG00000088659",NA
7.98035799900506,0.865094312500784,0.277635326298134,3.11593745664706,0.00183361157439267,0.0226705481891145,"ENSMUSG00000024440","Pcdh12"
657.168766594651,0.116383059059597,0.037370597387754,3.11429485196654,0.00184385128931111,0.0227850823961828,"ENSMUSG00000024594","Prrc1"
424.788576448219,0.162799869797533,0.0522825835129392,3.11384516331796,0.00184666371730671,0.0228077625148627,"ENSMUSG00000093701",NA
1676.37233354586,0.193865500298908,0.0622769681024109,3.11295662274546,0.00185223238974191,0.0228644424504206,"ENSMUSG00000035183","Slc24a5"
19.8399287834729,0.908222063162273,0.291802850126265,3.1124509673887,0.00185540832324584,0.0228915414849512,"ENSMUSG00000022860","Chodl"
290.212998015411,0.263832649032907,0.0847793557425673,3.11199167205322,0.00185829741270892,0.0229150747516452,"ENSMUSG00000027570","Col9a3"
45.3303223354316,-0.390150472985372,0.125478962073679,-3.10928992826926,0.00187537592157694,0.0231134636416951,"ENSMUSG00000053198","Prx"
20.0862101783435,-0.702825908841534,0.226054667822752,-3.10909708527946,0.0018766004341472,0.0231163503611072,"ENSMUSG00000074704","Rad21l"
78.3338285506869,0.253712250628174,0.0816180928070496,3.10852951719866,0.00188020863547484,0.0231485813174521,"ENSMUSG00000088769",NA
216.754257267034,-0.206544500005867,0.066450376662995,-3.10825175684652,0.00188197676318935,0.0231581357844645,"ENSMUSG00000094130",NA
2695.08990774596,0.107569740203388,0.034614547235143,3.10764544954603,0.00188584161551806,0.0231934672450148,"ENSMUSG00000029144",NA
14711.1079502104,0.199838184691462,0.0643120389866853,3.10732155036843,0.0018879092684632,0.0232066698545216,"ENSMUSG00000030653","Pde2a"
916.318805297729,-0.24076952522583,0.0775034705420799,-3.10656443565461,0.00189275053444241,0.023241702117564,"ENSMUSG00000022508","Bcl6"
98.6404107712967,-0.263178532486363,0.0847168764491844,-3.10656558075799,0.0018927432036342,0.023241702117564,"ENSMUSG00000028088","Fmo5"
1812.63136500559,0.0928124652474309,0.0298827451090748,3.10588819429596,0.00189708430475018,0.0232826703079829,"ENSMUSG00000024561","Mbd1"
643.178879872163,0.144531592781637,0.0465434194557608,3.10530671084476,0.00190081809366589,0.0233162358173636,"ENSMUSG00000068966","Zbtb34"
47.1848940382918,1.02104905052483,0.328839506317933,3.10500724793584,0.0019027436199272,0.023327596806702,"ENSMUSG00000048038","Ccdc187"
2928.79249594332,-0.136104626162794,0.0438377260746549,-3.10473736550591,0.00190448048025239,0.0233366340422737,"ENSMUSG00000054008","Ndst1"
2679.80133509397,0.116634381348456,0.0375894476982352,3.10284903052544,0.00191667387729402,0.0234737241960516,"ENSMUSG00000098650",NA
40.2713798241765,-0.364538096722686,0.117499565782779,-3.10246335204852,0.00191917308819183,0.0234796946528626,"ENSMUSG00000080205",NA
98.4921408713464,0.280281697932886,0.0903378175206052,3.10259540938053,0.00191831701505286,0.0234796946528626,"ENSMUSG00000096718","Zfp781"
39.8064098881094,0.343855195566343,0.110924981036439,3.09988960424871,0.0019359278357591,0.0236722700210187,"ENSMUSG00000018920","Cxcl16"
94.5085486080335,-0.266698475813151,0.0860502393521126,-3.09933450297374,0.00193955903110677,0.0237042546927358,"ENSMUSG00000029381","Shroom3"
24.4296883905959,0.495784643688397,0.159977598812409,3.09908791836386,0.00194117406958921,0.0237115783916383,"ENSMUSG00000026387","Sctr"
3348.72153329545,-0.141803340550679,0.0457742315184407,-3.09788577211945,0.00194906538291459,0.0237955194735227,"ENSMUSG00000089945","Pakap"
37.9618450249666,0.547253294827831,0.176679088108531,3.09744237807965,0.00195198340556316,0.0238186872117411,"ENSMUSG00000033498","Strc"
1190.46147030612,0.177750116929864,0.0574355134789644,3.09477718859369,0.00196960797164657,0.0240211906385297,"ENSMUSG00000047248","C2cd3"
142.080270464983,0.35971006472578,0.116258124076453,3.09406389947622,0.00197434958007975,0.0240664450380165,"ENSMUSG00000051590","Map3k19"
992.405048354628,0.113821447699675,0.0367978423811265,3.09315547691063,0.00198040351306813,0.0241276405039401,"ENSMUSG00000024146","Cript"
331.342572178301,-0.312706910822894,0.101175222560653,-3.09074596436328,0.00199654367720243,0.0243115905356997,"ENSMUSG00000028977","Casz1"
6.05667075349763,2.45524400720931,0.794528891564618,3.09018845415973,0.00200029532733232,0.0243318883928704,"ENSMUSG00000006574","Slc4a1"
161.352155376834,-0.452558602233845,0.146445313697427,-3.09029077686217,0.0019996062833817,0.0243318883928704,"ENSMUSG00000020096","Tbata"
70.4314228848999,-0.268822192995741,0.0869987609616675,-3.08995427089113,0.00200187314419975,0.0243383983359661,"ENSMUSG00000097472",NA
377.93324406633,-0.479108404038706,0.155103700538417,-3.08895534004385,0.00200861630690813,0.0244076681166874,"ENSMUSG00000020948","Klhl28"
5001.38059520287,-0.194962055910858,0.0631247605892784,-3.08851953006808,0.00201156471547678,0.0244281655179612,"ENSMUSG00000020436","Gabrg2"
43.3942511880561,0.329492187113714,0.106687130619078,3.0883967466531,0.00201239610551512,0.0244281655179612,"ENSMUSG00000074344","Tmigd3"
36.8449777419692,0.420688351733688,0.136257905864679,3.08744178228809,0.00201887312407298,0.0244940516295403,"ENSMUSG00000097303",NA
1595.85057229005,0.170074495836834,0.0550979428888852,3.08676670887367,0.00202346332567375,0.0245369893045208,"ENSMUSG00000001098","Kctd10"
98.4658400398052,0.261986177272868,0.084903032807267,3.08571047005571,0.00203066450148747,0.0246115272368754,"ENSMUSG00000083209",NA
1646.69283509862,-0.232843874285658,0.0755434221110832,-3.0822521376285,0.00205440742056335,0.0248863686653919,"ENSMUSG00000030168","Adipor2"
35.9761857281603,0.535422936207011,0.173754827319899,3.08148524254377,0.00205970686265669,0.024937623078317,"ENSMUSG00000093998",NA
62.3842326219168,0.417621442528281,0.135588767122366,3.08005929540893,0.00206959387496724,0.0250443389441992,"ENSMUSG00000033777","Tlr13"
226.042735899188,0.322716380080067,0.10482206850262,3.07870646601484,0.00207901414125831,0.0251452990152294,"ENSMUSG00000097168",NA
43.2393733106241,0.747747960647875,0.242924269536364,3.07811138868503,0.00208317033368707,0.0251825194713917,"ENSMUSG00000096574","Gm2956"
892.264033638516,0.200494448366311,0.0651621179409228,3.07685592030761,0.00209196390017216,0.0252757315329808,"ENSMUSG00000022790","Igsf11"
4740.8593279852,0.192986808387552,0.0627556988035372,3.07520770331498,0.00210356004990739,0.025402691280387,"ENSMUSG00000097412",NA
69.3546037277471,-0.383493687595991,0.124749726009083,-3.07410444787726,0.00211135498878648,0.0254836398672403,"ENSMUSG00000009596","Taf7l"
220.685676320649,-0.172802102978384,0.0562175694356547,-3.0738095707992,0.00211344289429676,0.0254956576132141,"ENSMUSG00000071653","1810009A15Rik"
709.742870545592,0.210675803194425,0.0685460934741157,3.07349102650146,0.002115700505245,0.0255008360221053,"ENSMUSG00000051910","Sox6"
7.67253570688457,-1.42905031775339,0.464990883320155,-3.0732867439241,0.0021171494756818,0.0255008360221053,"ENSMUSG00000083411",NA
59.1232505476865,0.341644541867078,0.111161915944672,3.07339558664247,0.00211637734419062,0.0255008360221053,"ENSMUSG00000086770",NA
33.6686011579915,-0.466254542753073,0.151790263218359,-3.07170257740668,0.00212841685203188,0.0256233288174215,"ENSMUSG00000056032",NA
448.538301098426,-0.254381175210778,0.0828517631120602,-3.07031698126589,0.00213831694890232,0.0257200949648573,"ENSMUSG00000022748","Cmss1"
8.44243848314576,0.949337281394736,0.309203262579318,3.07026928977248,0.00213865845550221,0.0257200949648573,"ENSMUSG00000100534",NA
25.6663068473578,-0.661339515855033,0.215443687558325,-3.06966299802122,0.00214300431704155,0.0257590884514423,"ENSMUSG00000005251","Ripk4"
9.56137697730319,1.69993544804296,0.553927393593821,3.06887774048141,0.00214864502907205,0.025813597999809,"ENSMUSG00000089787","Gm15825"
28.2367032860954,-0.665707483570679,0.216941342976836,-3.06860589335321,0.00215060094850964,0.0258238055252369,"ENSMUSG00000023031","Cela1"
401.672329947695,0.195262856490748,0.063643875844317,3.06805413561538,0.00215457582344338,0.0258582331345187,"ENSMUSG00000065899","Gm24523"
161.608338067616,-1.09005683589165,0.355357885347489,-3.06749021433909,0.00215864528363962,0.0258937599465568,"ENSMUSG00000054889","Dsp"
148.909322849489,0.457404393391802,0.14912187226203,3.06731927686686,0.00215988022137368,0.0258952665678099,"ENSMUSG00000028885","Smpdl3b"
731.54433224759,0.146316296356728,0.0477087195137767,3.06686697626577,0.0021631509919289,0.0259211671481501,"ENSMUSG00000014554","Dguok"
952.053658632901,0.162087681824886,0.0528643288431119,3.06610686964212,0.00216865786269635,0.0259738227239204,"ENSMUSG00000026799","Med27"
488.721892476279,-0.253024070747006,0.0825368774959052,-3.06558811556154,0.00217242354194112,0.0259987544026275,"ENSMUSG00000036820","Amdhd2"
238.472750930623,-0.375364575459526,0.122447543818418,-3.06551331087676,0.00217296704963057,0.0259987544026275,"ENSMUSG00000091636","Akain1"
54.7184228407713,0.338299752014465,0.110362706727015,3.06534482568699,0.00217419166746365,0.0260000799659857,"ENSMUSG00000094595","Fsbp"
564.918236502703,-0.242503809788244,0.0791575979764353,-3.06355695457605,0.00218722566323427,0.0261425543558001,"ENSMUSG00000003184","Irf3"
4288.91603068185,0.179649607475171,0.0587113499809243,3.05987866968721,0.00221426674475177,0.0264522152624056,"ENSMUSG00000027296","Itpka"
284.985419315804,0.363508530527679,0.118825470060381,3.05918024429412,0.00221943573278449,0.0265004032278202,"ENSMUSG00000022844","Pdia5"
122.263376455377,-0.380425678691613,0.124392175817693,-3.0582765852505,0.00222614004745028,0.0265668645846789,"ENSMUSG00000025912","Mybl1"
115.194698811043,-0.251156422291528,0.0821363818441817,-3.05779749061736,0.00222970200976999,0.0265957761952279,"ENSMUSG00000034177","Rnf43"
27.7999002245523,1.08426157447091,0.354692467113206,3.05690612291703,0.00223634303207758,0.0266613663931496,"ENSMUSG00000079537",NA
734.768299600398,0.262180963152682,0.0857855661356016,3.05623632229985,0.00224134521832155,0.0267073616290351,"ENSMUSG00000032842","Abcc10"
44.5208714374569,-0.355998967004715,0.116509548459334,-3.05553468975095,0.00224659612382086,0.0267562721011991,"ENSMUSG00000027824","Vmn2r1"
500.480137794652,1.30236184318941,0.426293412041963,3.05508320419742,0.00224998092684255,0.0267829193142711,"ENSMUSG00000071234","Syndig1l"
16.8285481233614,-0.958304947468244,0.313901761059303,-3.05288171762502,0.00226655258703314,0.0269526933464669,"ENSMUSG00000019762","Iyd"
5150.4973715311,-0.160519664969286,0.0525771154271911,-3.05303293391159,0.00226541074176259,0.0269526933464669,"ENSMUSG00000101930","Gm5441"
304.045239403403,-0.146529113553924,0.0480480556261799,-3.04963669485275,0.00229118340861263,0.0272317180790451,"ENSMUSG00000038622","Med30"
67.1191605011427,-0.365755574505563,0.119941950451284,-3.04943827517727,0.00229269740623621,0.0272358450655328,"ENSMUSG00000077314","Gm24171"
13.048226164974,0.992898597528377,0.325667746469376,3.04880851202667,0.00229750874727275,0.0272652499682703,"ENSMUSG00000092447",NA
110.930266483144,-0.377511997037291,0.123821729922823,-3.0488347826556,0.00229730785702005,0.0272652499682703,"ENSMUSG00000099098",NA
873.73954589817,0.138585294189449,0.045483315578241,3.04694792865424,0.00231177753362042,0.0274206417516776,"ENSMUSG00000032434","Cmtm6"
113.889903183574,0.316878275217885,0.104005182383326,3.04675467083924,0.00231326426850879,0.0274243411984767,"ENSMUSG00000055926","Gm14137"
5.13428419568445,1.55464509059293,0.510419984869253,3.04581547877902,0.00232050196193742,0.0274822309982269,"ENSMUSG00000005547","Cyp2a5"
45.2892056567414,-1.47695132978375,0.484892785727316,-3.04593380899324,0.00231958893361648,0.0274822309982269,"ENSMUSG00000091421","Gm4202"
1085.68884803725,0.236132093789967,0.0775616333857,3.04444457243086,0.002331103808891,0.0275937911820196,"ENSMUSG00000019772","Vip"
9791.15110946716,-0.226333823566617,0.0743678747767828,-3.04343541140532,0.00233893643823727,0.0276095629348679,"ENSMUSG00000011877","Git1"
20.3041555837176,0.735333616266682,0.241593764308837,3.0436779623446,0.00233705167584386,0.0276095629348679,"ENSMUSG00000091756","Gm3095"
571.482127129014,-0.308788657596258,0.101463116417243,-3.04335869525668,0.00233953285718069,0.0276095629348679,"ENSMUSG00000094103","Fam177a2"
685.342963100494,0.845272789260617,0.27774157493152,3.0433786856326,0.00233937743139006,0.0276095629348679,"ENSMUSG00000094370","Gm3373"
3354.35234449827,0.102130587682072,0.0335559241658679,3.04359335112444,0.0023377089963992,0.0276095629348679,"ENSMUSG00000101678",NA
120.399403724895,0.370968210861044,0.121889275042766,3.04348525110915,0.00233854904105978,0.0276095629348679,"ENSMUSG00000102224","4930447F24Rik"
533.492913180067,0.120118656049761,0.0394776040799912,3.0427038025502,0.00234462990044433,0.0276447286623196,"ENSMUSG00000031917","Nip7"
8.0382357675572,0.809961452259721,0.266201643865834,3.04266134685458,0.00234496068470353,0.0276447286623196,"ENSMUSG00000092799",NA
815.395852622751,-0.128938987367335,0.0423790164305013,-3.04251958227454,0.00234606552200039,0.0276447286623196,"ENSMUSG00000096472","Cdkn2d"
2197.70950412485,-0.234606576523622,0.077144796818428,-3.04111989659917,0.00235699953763312,0.0277595561084611,"ENSMUSG00000078877","Gm2004"
96.4724705819442,-0.799109148610457,0.26281083906762,-3.04062477577209,0.00236087846350048,0.0277912183426585,"ENSMUSG00000097178","2310002F09Rik"
109.510730019322,0.395304974352028,0.1301155520999,3.03810703618673,0.0023806937771611,0.028010350221911,"ENSMUSG00000059631","1500035N22Rik"
1511.15928106401,-0.149466939750206,0.0492278878893703,-3.03622491556213,0.00239560591782285,0.0281716014809767,"ENSMUSG00000002844","Adprh"
1446.02017016737,0.152014643728639,0.0500842306880916,3.03517976896436,0.00240392354571754,0.0282551799233055,"ENSMUSG00000073437","D330041H03Rik"
584.764269899854,-0.452536369005955,0.149178409113644,-3.03352456762838,0.00241715029152558,0.0283868346598799,"ENSMUSG00000034098","Fstl5"
751.426619368471,-0.177740819902147,0.0585931607191693,-3.03347383415685,0.0024175567537952,0.0283868346598799,"ENSMUSG00000036067","Slc2a6"
35.075781156831,-0.48756830479487,0.160738939262368,-3.03329303423505,0.00241900578057467,0.0283895685952511,"ENSMUSG00000087611",NA
2016.82154420329,-0.143172965090567,0.0472591858172523,-3.02952669654966,0.0024493725522559,0.0287315092901053,"ENSMUSG00000003033","Ap1m1"
1711.9039497719,-0.379652574079249,0.125383436695987,-3.02793242938284,0.00246233138451278,0.0288690113052143,"ENSMUSG00000020396","Nefh"
879.104372396096,0.280260324952597,0.0925694971981804,3.02756667623021,0.00246531320398433,0.0288894609039187,"ENSMUSG00000038400","Pmepa1"
70.4564780681125,0.519079680608319,0.171500479847386,3.02669520849293,0.00247243120463929,0.0289438122416725,"ENSMUSG00000042064","Myo3b"
549.940365605505,0.186888615523327,0.0617460100695009,3.02673185381478,0.00247213151353152,0.0289438122416725,"ENSMUSG00000061838","Suclg2"
868.987372302304,-0.224905085145451,0.0743160737892111,-3.02633163564814,0.00247540636107345,0.0289641156323497,"ENSMUSG00000054619","Tmt1a"
154.445148799039,-0.241510404780562,0.0798101048703596,-3.02606299256043,0.0024776068009121,0.0289753384537531,"ENSMUSG00000030607","Acan"
1722.5591465414,-0.116711503599982,0.0385725303986919,-3.02576736329282,0.00248003035123362,0.0289891579813953,"ENSMUSG00000045790","Ccdc149"
343.494683610422,0.23732997540577,0.0784437437226516,3.02547997001369,0.00248238846247609,0.0290021991389286,"ENSMUSG00000022085","Pebp4"
1822.08910343931,-0.256954110340719,0.0849422962716079,-3.0250431365676,0.00248597668503689,0.0290295916752457,"ENSMUSG00000035566","Pcdh17"
2516.90597866717,-0.230854201059331,0.0763247968672026,-3.0246290921808,0.00248938209430548,0.0290548231136864,"ENSMUSG00000028876","Epha10"
23.9064577755855,0.518353367241498,0.171391458879616,3.02438272379481,0.00249141043606916,0.0290639649221201,"ENSMUSG00000052631","Sh2d6"
557.585403422046,0.731326080891412,0.241833406442145,3.02409039202106,0.00249381915409387,0.0290775327242823,"ENSMUSG00000079402",NA
1225.12322418284,1.0275397154853,0.33983714434542,3.02362391098978,0.00249766721762374,0.0291078611387872,"ENSMUSG00000062372","Otof"
395.17538411521,0.162852955623198,0.0539017911952053,3.02129023938046,0.00251699967111945,0.0293185246122461,"ENSMUSG00000027487","Cdk5rap1"
170.044752406174,0.360624482939662,0.119384302659598,3.02070267954671,0.00252188861862222,0.0293489158346017,"ENSMUSG00000021791","Dydc2"
38.9407505519969,-0.511719743551743,0.16940578806211,-3.02067449645894,0.00252212334165321,0.0293489158346017,"ENSMUSG00000038763","Alpk3"
2097.43409634921,-0.181976620940138,0.060255560483699,-3.02008013002167,0.00252707818343707,0.0293919212934586,"ENSMUSG00000052632","Asap2"
18.5821938390706,-0.537485258780792,0.177980278507182,-3.01991469666738,0.00252845887552844,0.0293933344280181,"ENSMUSG00000031383","Dusp9"
557.867839305273,0.730557738769888,0.24194285228084,3.01954668998396,0.00253153270159847,0.0294144190410219,"ENSMUSG00000096488","Gm10409"
728.814091364805,0.233570923341098,0.0773635677105926,3.01913329818058,0.00253498968902882,0.0294399324930347,"ENSMUSG00000024424","Ttc39c"
8076.25402059594,0.18561084151696,0.0614939080124168,3.01836145264147,0.00254145580388079,0.0295003494927844,"ENSMUSG00000020048","Hsp90b1"
28.2404300660231,0.563098525195894,0.186643619713812,3.01697173500662,0.00255313617007364,0.0296212015994179,"ENSMUSG00000099767",NA
2819.97426816635,0.0908262516103292,0.0301070106036732,3.01678080251674,0.00255474475901152,0.0296251400445136,"ENSMUSG00000015937","Macroh2a1"
2038.92469006398,0.107699446269488,0.0357065522514298,3.01623762247095,0.0025593260721725,0.0296509655191437,"ENSMUSG00000019777","Hdac2"
859.091556839304,0.212754224813898,0.0705403285289447,3.01606512544947,0.00256078252523642,0.0296509655191437,"ENSMUSG00000039831","Arhgap29"
116.467087008148,0.219445211050531,0.0727583360698655,3.01608341949727,0.00256062802622959,0.0296509655191437,"ENSMUSG00000103453",NA
1345.83848900913,-0.166974115112425,0.0553920149828035,-3.01440767526263,0.00257481564126444,0.0297986720446385,"ENSMUSG00000050357","Carmil2"
133.777076768119,0.316219002399183,0.104915849647431,3.01402508259557,0.00257806490815227,0.0298214911551033,"ENSMUSG00000057098","Ebf1"
1995.22861297869,0.0949111231251416,0.0315034104822053,3.0127253421896,0.00258913131341996,0.0299198476481,"ENSMUSG00000058240","Cryzl1"
47.3208551252135,0.429142778282404,0.142440112141074,3.0127944427436,0.00258854187774783,0.0299198476481,"ENSMUSG00000097651","4930461G14Rik"
203.597966600448,0.176275095574239,0.0585169894491163,3.0123746493746,0.00259212465581082,0.0299396169424007,"ENSMUSG00000051034","Zfp11"
30.7818064159736,0.414009239172198,0.137456444985052,3.01193035522794,0.00259592147705037,0.0299686424524168,"ENSMUSG00000085839",NA
41.1090914319972,0.484539179969925,0.160924603896752,3.01097015768204,0.00260414444882953,0.0300487117493958,"ENSMUSG00000100703",NA
300.027988640468,-0.168110494202873,0.0558371267710737,-3.01072966902663,0.00260620767938249,0.0300576609979375,"ENSMUSG00000045316","Fahd1"
695.498980686899,0.823469988424907,0.273588914571738,3.00988068070639,0.00261350338348409,0.0301269182620588,"ENSMUSG00000079396","Gm3411"
610.118266329163,0.45839550679199,0.152311549253866,3.00959125580134,0.00261599479455273,0.0301407534497751,"ENSMUSG00000027400","Pdyn"
11.4488125550187,-0.688879254184983,0.229009894901765,-3.00807637364525,0.00262907057744551,0.030261535744236,"ENSMUSG00000048534","Jaml"
9.71987498239326,-0.932347021003868,0.309945820949361,-3.00809676397023,0.00262889418134346,0.030261535744236,"ENSMUSG00000097435",NA
1393.69864003073,0.0945122237205017,0.0314376776536877,3.00633605197028,0.00264416598111922,0.0304202890573022,"ENSMUSG00000029125","Stx18"
962.761318759606,-0.217114217613553,0.0722230565502372,-3.00616213137603,0.00264567889981613,0.0304227007676886,"ENSMUSG00000002396","Ocel1"
2269.55300767029,0.0800462985068547,0.0266300862673001,3.00585952682947,0.002648313114097,0.030437997549171,"ENSMUSG00000034709","Ppp1r21"
570.774273876602,0.731995180520453,0.243555360534398,3.00545707109194,0.00265182026120928,0.030463307262504,"ENSMUSG00000102504",NA
61.5377239031745,-0.896576320939297,0.298447688281265,-3.00413223537634,0.0026633953760687,0.0305812288556673,"ENSMUSG00000081800",NA
26.9042491912124,-0.389908838620764,0.129840411872745,-3.00298522622456,0.002673454093437,0.0306816317124385,"ENSMUSG00000090188","Gm7418"
48.949939149939,-0.355445221784068,0.118386639082244,-3.00240993865142,0.00267851215042498,0.0307245745097643,"ENSMUSG00000064377",NA
99.5628937174102,0.218367699748358,0.0727736074378158,3.00064415433783,0.00269409198812878,0.0308881086831484,"ENSMUSG00000038147","Cd84"
360.348416007443,0.161547305305573,0.0538556812770229,2.99963349223281,0.00270304646353739,0.0309755589584454,"ENSMUSG00000078719","Msmp"
3118.4156213795,-0.232062838418102,0.0774176939061993,-2.99754263798239,0.0027216578376386,0.0311582436998518,"ENSMUSG00000034825","Nrip3"
662.701553593061,0.819111706364347,0.273251575968392,2.99764677829011,0.00272072808737581,0.0311582436998518,"ENSMUSG00000096003","Gm3500"
218.861158506308,-0.237398344566577,0.079226193768312,-2.99646282719099,0.00273131536315033,0.0312534777068716,"ENSMUSG00000086596","Susd5"
167.673028598206,0.18306396074732,0.0611142777149286,2.99543686994442,0.00274052023234594,0.0313434413442682,"ENSMUSG00000030752","Kdm8"
15.8323364081633,-0.603277636391753,0.20141019010402,-2.99526869062675,0.00274203183476802,0.0313453717526885,"ENSMUSG00000031286","Glt28d2"
139.499370535352,0.238658761979775,0.0797335011224508,2.99320559890196,0.00276063706979902,0.0315271776518193,"ENSMUSG00000061322","Dnai1"
11.7850465592265,0.573593331276624,0.191628982851882,2.99324936520682,0.00276024118519166,0.0315271776518193,"ENSMUSG00000103741",NA
951.343310562806,0.178233276628701,0.0595573351917255,2.99263350274046,0.00276581669204839,0.0315708846173523,"ENSMUSG00000097927",NA
215.594580806857,0.221330478937994,0.0739843406885619,2.99158547441394,0.002775328322512,0.0316639731341142,"ENSMUSG00000030560","Ctsc"
6853.57878320051,0.219250747473621,0.0733018819438152,2.99106573609765,0.00278005640508903,0.0317024214284285,"ENSMUSG00000053550","Shisa7"
1127.7739671263,0.137928086311131,0.0461237210842213,2.99039372949281,0.0027861805846525,0.0317567448181364,"ENSMUSG00000047554","Tmem41b"
808.107790242283,0.203147486528229,0.0679447040261973,2.98989434776111,0.00279073956431685,0.0317931838213022,"ENSMUSG00000028581","Laptm5"
10.0573847874761,-0.814534397542721,0.272457322013211,-2.98958527348083,0.0027935645922393,0.0318098430617766,"ENSMUSG00000063767","S100a7a"
503.553617962387,0.139044625456767,0.046533923231169,2.98802713809509,0.00280784621089538,0.0319568766947493,"ENSMUSG00000027984","Hadh"
54.1094898489834,0.372979083236685,0.124835142365498,2.98777312357012,0.00281018077810102,0.0319678605766141,"ENSMUSG00000043008","Klhl6"
2797.99829565062,0.448202634046747,0.150021749054793,2.98758437940254,0.00281191661382986,0.0319720260675258,"ENSMUSG00000001119","Col6a1"
13.8300305333362,-0.842329694924611,0.281969076632658,-2.98731231447049,0.00281442045399048,0.0319849156073515,"ENSMUSG00000030838","Ush1c"
1321.52671176197,0.109643825748973,0.0367077622975933,2.98693842626745,0.00281786470523305,0.0320084748487859,"ENSMUSG00000030822","Prr14"
4325.85698670816,0.225861810495881,0.0756371844664576,2.98612133818972,0.00282540510646403,0.0320785172179912,"ENSMUSG00000005899","Smpd4"
14.2320567055513,0.931425399997031,0.312021800831092,2.98512923621399,0.0028345853680024,0.03216710075123,"ENSMUSG00000062391","4932435O22Rik"
25.9712606466279,0.409987680924966,0.137373023973619,2.98448464673603,0.00284056456448356,0.032219289907065,"ENSMUSG00000052688","Rab7b"
196.587185891668,-0.349709375203748,0.117218732844053,-2.98339153409036,0.0028507305797528,0.0323052617892934,"ENSMUSG00000078612","Fyb2"
15.110817465049,0.607845130850882,0.203744326643857,2.98337205684941,0.00285091202013213,0.0323052617892934,"ENSMUSG00000102055",NA
627.981757302756,-0.140273282548741,0.0470306806554493,-2.98259095113666,0.00285819711176509,0.0323720985831793,"ENSMUSG00000020988","L2hgdh"
245.409495480549,0.327434431127211,0.10980944367507,2.98184218195387,0.00286519656317325,0.0324176610078237,"ENSMUSG00000025420","Katnal2"
557.979503236098,-0.166176624241841,0.0557294540446782,-2.98184554452332,0.00286516509511792,0.0324176610078237,"ENSMUSG00000034998","Foxn2"
3382.08587057039,0.17410776245275,0.0583918172005353,2.98171508954431,0.00286638616802245,0.0324176610078237,"ENSMUSG00000055675","Kbtbd11"
27.3402129115685,0.548307330026939,0.183965757383192,2.98048581337255,0.00287791567980329,0.0325322933238006,"ENSMUSG00000041301","Cftr"
131.158802442677,0.23641757087842,0.0793371818970305,2.97990885516024,0.00288334161636505,0.0325778525415341,"ENSMUSG00000062470","Fbxl12os"
723.551457139612,-0.228956785496635,0.0768441411039141,-2.97949566756199,0.00288723312786708,0.0325859386833863,"ENSMUSG00000020805","Slc13a5"
33.3988787600886,0.447996851612494,0.150357395252644,2.9795465055758,0.00288675406331499,0.0325859386833863,"ENSMUSG00000021135","Slc10a1"
130.137751824797,0.229619207917659,0.0770692454894,2.97938829502671,0.0028882451756812,0.0325859386833863,"ENSMUSG00000086213","A330040F15Rik"
222.540665093905,-0.33465282890381,0.112346552738916,-2.97875476145242,0.0028942231883932,0.0326376096070833,"ENSMUSG00000052273","Dnah3"
92.9036118181325,0.365179016703516,0.122628054045358,2.97794024007299,0.00290192559343743,0.0327086668892371,"ENSMUSG00000007122","Casq1"
1015.56722954613,-0.141446513704322,0.0475221239946166,-2.97643501204502,0.00291620882153548,0.0328537946530418,"ENSMUSG00000041650","Pcca"
36.4815977181828,0.505998579507747,0.170083447523824,2.97500189979904,0.00292986733342875,0.0329917477878569,"ENSMUSG00000073458","Smok2a"
1050.32726068247,0.281627855163138,0.0947057187595358,2.97371540865668,0.00294217814952167,0.0331143994909761,"ENSMUSG00000025909","Sntg1"
34.3938934855215,-0.743031224283013,0.250062597702591,-2.97138089066294,0.00296463846280887,0.0333511111505289,"ENSMUSG00000051639","Fbl-ps2"
18.8082767449659,0.782662866742473,0.263508105072623,2.9701661985948,0.00297638674793833,0.0334671463666303,"ENSMUSG00000104157",NA
48.7575751432831,0.590954373784994,0.198977815926079,2.96995105225467,0.00297847202763133,0.0334698458128605,"ENSMUSG00000071005","Ccl19"
66.7417885047627,0.470893765180342,0.158558331526269,2.96984561232172,0.00297949447796445,0.0334698458128605,"ENSMUSG00000095972",NA
236.018421752126,-0.234172442640526,0.0788619280306819,-2.96939788930115,0.00298383961294853,0.0335025339514466,"ENSMUSG00000021221","Dpf3"
43.9501035976074,0.393859336951873,0.132692283279606,2.96821583906233,0.00299533916064846,0.0336154817437582,"ENSMUSG00000097049","6530411M01Rik"
1120.70757322392,0.231288715664889,0.0779406989670247,2.96749604160906,0.00300236148475214,0.0336780990574575,"ENSMUSG00000050600","Zfp831"
397.470116339172,-0.245516640040277,0.0827472185360434,-2.96706819134149,0.00300654269367106,0.0337088021605973,"ENSMUSG00000058152","Chsy3"
122.39531240491,-0.238333560166121,0.0804226394349241,-2.96351328233854,0.0030414893543615,0.0340842467589344,"ENSMUSG00000093760",NA
766.421766109515,0.760683074691915,0.256760932522955,2.96261221369379,0.00305040600090802,0.0341677674084433,"ENSMUSG00000079364","Gm3558"
2676.82594774558,1.3214604611732,0.446111250435069,2.96217694551403,0.00305472179022779,0.0341996982010971,"ENSMUSG00000020599","Rgs9"
153.776441828079,-0.487905345965256,0.164863624873045,-2.9594481277539,0.0030819058117857,0.0344875011335156,"ENSMUSG00000026637","Traf5"
30.3274000628663,0.392926506738186,0.132789154960261,2.9590255834957,0.00308613479468868,0.0345182771980919,"ENSMUSG00000085982","9530051G07Rik"
1329.14165056922,-0.236002583949537,0.0797626544930781,-2.95881055425529,0.00308828891970013,0.0345258277071648,"ENSMUSG00000029167","Ppargc1a"
2103.66494090534,-0.12425101508807,0.0420058377774684,-2.95794636322471,0.00309696006759563,0.0346061938046361,"ENSMUSG00000044221","Grsf1"
49.2913593942802,0.341509479433416,0.115474236732359,2.95745171474874,0.00310193327151629,0.0346451810320597,"ENSMUSG00000082985",NA
2237.39551215883,-0.137180977334246,0.0463888145952542,-2.95719945704929,0.00310447227719487,0.0346569566554566,"ENSMUSG00000043670","Diras1"
93.9295593239723,-0.361924218595714,0.122394053259212,-2.95704087705319,0.00310606937480378,0.0346582110019334,"ENSMUSG00000073705","Cenps"
2597.48126247,0.170470053650925,0.0576709560412759,2.95590823098055,0.0031174983292415,0.0347691177732845,"ENSMUSG00000032402","Smad3"
3166.4763697227,0.26782533920565,0.0906451789566445,2.95465619118861,0.00313017663104368,0.0348938457967777,"ENSMUSG00000028184","Adgrl2"
94.4426160212365,0.24247813065122,0.0821125804359394,2.95299611050942,0.0031470592824689,0.0350653006351654,"ENSMUSG00000066894","Vsig10"
598.673648565959,0.199829961349234,0.067680942074971,2.95252925303374,0.00315182205045939,0.0350834690108126,"ENSMUSG00000020717","Pecam1"
764.818735317628,-0.109731840198622,0.0371670665611702,-2.95239442741663,0.00315319873129781,0.0350834690108126,"ENSMUSG00000041360","Pum3"
890.848212835805,-0.159478589482887,0.0540132816066066,-2.95258100858254,0.00315129372913024,0.0350834690108126,"ENSMUSG00000054720","Lrrc8c"
25.2760863603258,-0.394507340831227,0.133687121490131,-2.95097490643743,0.00316772651398446,0.0352230223858713,"ENSMUSG00000094996",NA
37.4143542067436,0.475732596112637,0.161217510488172,2.95087422372484,0.00316875924304201,0.0352230223858713,"ENSMUSG00000095730","Vmn2r29"
247.155603509953,-0.201430081912953,0.0682662181279072,-2.95065535248405,0.00317100532166327,0.0352312123862855,"ENSMUSG00000024168","Tmem204"
533.258601992943,0.191591661849697,0.0649457475156413,2.95002627852662,0.00317746902315303,0.0352862318779549,"ENSMUSG00000030380","Mzf1"
4454.1950647439,0.541696886991106,0.183646924216098,2.94966490347363,0.00318118756096933,0.0352997136701336,"ENSMUSG00000048240","Gng7"
53.4137806037811,1.12298991231419,0.380724310703564,2.94961440796609,0.00318170747384488,0.0352997136701336,"ENSMUSG00000079391","Gm2974"
11.6030877911119,-0.630329213866862,0.213752363932744,-2.94887599028,0.0031893192370038,0.0353505598050236,"ENSMUSG00000032098","Treh"
31.6914027229699,0.417686293144849,0.141640324286114,2.94892217488236,0.00318884267040139,0.0353505598050236,"ENSMUSG00000087125","A230108P19Rik"
863.462054826967,0.170852478932115,0.0579963669716462,2.94591692296248,0.00321998871377075,0.0356735626699338,"ENSMUSG00000032607","Amt"
20.1272551774768,0.997440878807669,0.33860808042631,2.94570902605716,0.00322215354830324,0.0356806120863579,"ENSMUSG00000096904","Lamtor3-ps"
591.605941402784,0.805512545057531,0.2735438052991,2.94472961716958,0.00323237000418083,0.0357767724075833,"ENSMUSG00000096775","Gm5796"
572.635759277743,-0.179388966447208,0.0609671970191018,-2.94238500731801,0.00325694722104635,0.0360317151568175,"ENSMUSG00000006638","Abhd1"
3189.44638306105,-0.150703385188303,0.0512306586532504,-2.9416640181873,0.00326453909727431,0.0360946424712516,"ENSMUSG00000026643","Nmt2"
99.6507786012797,-0.253733937467684,0.0862585468419807,-2.94155126369687,0.00326572783700824,0.0360946424712516,"ENSMUSG00000046959","Slc26a1"
83.2813350477409,0.314725989639808,0.10712434022102,2.93795032007163,0.00330389962182327,0.0364992564468626,"ENSMUSG00000037139","Myom3"
35.8428117660582,0.504325337665592,0.171751166857488,2.93637211841513,0.00332075707207752,0.0366681326080916,"ENSMUSG00000026622","Nek2"
2228.33090236886,0.225099500158341,0.0766808251829696,2.93553831249503,0.00332969490377263,0.0367494412003614,"ENSMUSG00000036225","Kctd1"
15.8204088886948,1.27976207594888,0.435988565187412,2.93531110247988,0.00333213423599802,0.0367589836819007,"ENSMUSG00000032291","Crabp1"
5.76730264366614,-0.845778136675685,0.288304560531635,-2.93362732492357,0.00335026209374289,0.0369415059302032,"ENSMUSG00000062905","Vmn1r32"
1654.33580085049,0.0778674278587262,0.0265612263628523,2.93162020439045,0.00337198843167019,0.0371284556417346,"ENSMUSG00000037210","Fam193a"
11.0275037594692,-0.584891085155595,0.199501638664467,-2.93176080693401,0.00337046229252291,0.0371284556417346,"ENSMUSG00000081378","Rps13-ps4"
194.334476301419,0.672871719838165,0.229518891699156,2.93166159376604,0.00337153911452912,0.0371284556417346,"ENSMUSG00000094132","Gm3264"
404.763091286946,0.171137827753325,0.0583869652915106,2.93109646817367,0.00337767874913916,0.0371596915021341,"ENSMUSG00000032035","Ets1"
130.232801586023,0.605029448821323,0.206419585885892,2.93106609154705,0.00337800905485707,0.0371596915021341,"ENSMUSG00000083808",NA
13227.9379338054,-0.264001430458604,0.0900748894135078,-2.93091040330507,0.00337970242068185,0.0371608071624948,"ENSMUSG00000033615","Cplx1"
403.074694012867,-0.184768076980083,0.063056952584444,-2.93017771089789,0.00338768203883706,0.0372310083957503,"ENSMUSG00000008822","Acyp1"
440.294513657679,0.138264565569491,0.047197288335108,2.92950231775588,0.00339505281113898,0.0372944554213728,"ENSMUSG00000025857","Dnaaf5"
268.058897938086,-0.201383810010348,0.0687797359437955,-2.92795264836306,0.003412020043278,0.0374632097225956,"ENSMUSG00000101695","1700094J05Rik"
105.035905359063,0.216841713178686,0.0740734316606791,2.92738851592579,0.00341821583477497,0.0375135929624598,"ENSMUSG00000060063","Alox5ap"
2293.76417987587,0.971155900119094,0.331806060687073,2.92687812304608,0.00342383023505655,0.0375399103696219,"ENSMUSG00000068696","Gpr88"
5.78156659088228,1.63440125943465,0.558391023222108,2.92698340672383,0.00342267141163379,0.0375399103696219,"ENSMUSG00000083182",NA
5.99580179528722,0.777335855371659,0.265631527995745,2.92636894888514,0.00342943959257941,0.0375514188280749,"ENSMUSG00000022496","Tnfrsf17"
567.840637317855,-0.499065008318873,0.170542107461283,-2.92634479395167,0.00342970590504459,0.0375514188280749,"ENSMUSG00000090125","Pou3f1"
23.0912418118459,0.507404764654831,0.173385002700243,2.92646282407746,0.00342840478050606,0.0375514188280749,"ENSMUSG00000095143","Hsd3b4"
127.715797784152,-0.626874781545351,0.214310311645839,-2.92507988407623,0.00344367809552589,0.0376867218864796,"ENSMUSG00000098041",NA
42.5501810822621,-0.348412991175165,0.119161269441787,-2.92387780700316,0.0034570042296216,0.0377971193124388,"ENSMUSG00000047220","Iho1"
1176.34654389641,-0.168300369010221,0.0575587391117687,-2.92397595234691,0.00345591444080524,0.0377971193124388,"ENSMUSG00000079598","Clec2l"
278.719891378065,-0.284421597378086,0.0973049788039326,-2.92299120635121,0.00346686307336919,0.0378694359951601,"ENSMUSG00000001053","N4bp3"
272.348356750345,-0.435747804196571,0.149074147460781,-2.9230273096897,0.00346646111130939,0.0378694359951601,"ENSMUSG00000087002",NA
90.5577261237684,0.295934739516192,0.101259859149284,2.92252766300914,0.00347202777456627,0.0379081124142659,"ENSMUSG00000083822","Hmgb1-ps5"
593.304625373994,-0.49905932355472,0.170799035764838,-2.9219094904133,0.00347892621776053,0.0379656730720823,"ENSMUSG00000027335","Adra1d"
240.32333510153,0.217021559569826,0.0742825362936248,2.92156905779281,0.00348273056990596,0.0379894297632313,"ENSMUSG00000089820",NA
363.246866522633,-0.187291950988406,0.0641146109438338,-2.92120545116431,0.00348679807387488,0.0380160333668665,"ENSMUSG00000002688","Prkd1"
166.679009010025,0.204344317096035,0.0699626247269981,2.92076402069546,0.0034917419680437,0.038042030216875,"ENSMUSG00000029249","Rest"
301.04044401673,0.129677632201127,0.0443994803834421,2.92070157310869,0.00349244187785473,0.038042030216875,"ENSMUSG00000085037","4933421O10Rik"
6849.07356415039,0.143913463530829,0.0492761538660527,2.92054984490122,0.00349414297292056,0.0380428075638455,"ENSMUSG00000037259","Dzank1"
119.2779586968,-0.360189729803343,0.1233442886451,-2.92019787669068,0.00349809195483827,0.0380680468539813,"ENSMUSG00000086418",NA
1273.09187456191,0.0811487738747715,0.0278092779954187,2.91804677158968,0.00352231512247008,0.0383137939905961,"ENSMUSG00000040913","Fbxw4"
393.861661138336,0.225721394585075,0.0773719799861492,2.91735321527874,0.00353015759851636,0.0383724712528062,"ENSMUSG00000021318","Gli3"
2309.37559375819,-0.19477687606101,0.0667677060089966,-2.91723181315777,0.00353153200115845,0.0383724712528062,"ENSMUSG00000021895","Arhgef3"
83.4405255618392,-1.11203555937618,0.381208270043899,-2.91713387867509,0.00353264107965045,0.0383724712528062,"ENSMUSG00000049436","Upk1b"
59.3486052172266,-1.04798887492337,0.359401101209535,-2.91593117382348,0.00354628721631947,0.038502782553742,"ENSMUSG00000084843",NA
28.0574537074587,-0.780141262744879,0.267647207334462,-2.91481189179749,0.00355902988578231,0.0386136998493242,"ENSMUSG00000038064","Cldn22"
12.8940405140409,0.757550546147878,0.259903002047807,2.91474334724511,0.00355981159558522,0.0386136998493242,"ENSMUSG00000049103","Ccr2"
156.294106389929,-0.236655662855432,0.0812121430600864,-2.91404282584118,0.00356780958502179,0.0386824798621289,"ENSMUSG00000099568",NA
4041.59660410389,-0.192251497127582,0.0659994795722485,-2.91292444082271,0.00358061229125001,0.038803264955733,"ENSMUSG00000030084","Plxna1"
40.8438518564443,-0.320805100023775,0.110172244429123,-2.91185045458666,0.003592946062666,0.0389188584412123,"ENSMUSG00000065581","Mir194-1"
547.923429407278,0.231519734717888,0.0795270027034209,2.91120910945546,0.00360032975387899,0.0389626784630493,"ENSMUSG00000021846","Peli2"
1430.89034810792,-0.623508326764912,0.214174620368642,-2.91121481010082,0.00360026406262622,0.0389626784630493,"ENSMUSG00000047907","Tshz2"
1257.77644117694,0.12907615917344,0.0443684237179885,2.90918965239479,0.00362366963820075,0.0391970900669695,"ENSMUSG00000044068",NA
8.58616350109837,0.806044647043024,0.277130096816774,2.90854243657247,0.00363117890445117,0.0392601246718868,"ENSMUSG00000083410",NA
11.2582628797342,0.593643550772479,0.204154856406784,2.90781008701369,0.0036396929921549,0.0393339599610518,"ENSMUSG00000100387",NA
9383.0829194233,-0.138348454102099,0.0475840998908373,-2.9074513213339,0.00364387052149272,0.0393608836571978,"ENSMUSG00000035390","Brsk1"
165.640082075877,0.287037382502045,0.0987425356764751,2.90692739998605,0.00364997898528701,0.0394086306445673,"ENSMUSG00000018774","Cd68"
40.0886048093409,-0.611652858602848,0.210630540273574,-2.90391344867849,0.00368530023531051,0.0397715965755216,"ENSMUSG00000104379",NA
85.4792738965461,-0.296819279967749,0.102271270043611,-2.90227431263127,0.00370463987811301,0.039961833953231,"ENSMUSG00000040140","Tdrd6"
217.285548121928,-0.264724967012678,0.0912243338967261,-2.9019117564878,0.00370893000383454,0.0399896319073947,"ENSMUSG00000026655","Fam107b"
2539.21372898209,-0.0866421248182974,0.0298615198598967,-2.90146399864448,0.0037142345541267,0.040009864880932,"ENSMUSG00000033557","Fam20b"
7861.00062562774,-0.166221354882973,0.057287884950665,-2.90150971756278,0.00371369260988956,0.040009864880932,"ENSMUSG00000040712","Camta2"
1661.94666148068,0.377066783114337,0.130029428228676,2.89985727270298,0.00373332613018883,0.0401969704137444,"ENSMUSG00000024245","Tmem178"
13.8640572842471,-0.667116765637175,0.230139250109723,-2.89875266960814,0.0037465030358374,0.0403202491311906,"ENSMUSG00000059434","Gckr"
176.057899464925,0.259193583321533,0.0894312533447701,2.89824388709286,0.0037525865543979,0.0403500093705873,"ENSMUSG00000021943","Gdf10"
182.894454433244,0.507114246777977,0.174973638396737,2.89823227901417,0.00375272545703401,0.0403500093705873,"ENSMUSG00000041669","Prima1"
336.82208679694,0.197605623562023,0.0681905213042347,2.8978459143962,0.00375735137541496,0.0403811478620219,"ENSMUSG00000096943",NA
974.420015336801,0.135094509304758,0.0466411632402391,2.89646526629093,0.00377392416695294,0.0405307065384966,"ENSMUSG00000027472","Pdrg1"
1599.25653717435,0.137041391296672,0.047314429051328,2.89639744248009,0.00377474000834047,0.0405307065384966,"ENSMUSG00000097330",NA
3548.83958383756,-0.0982057477724552,0.0339239259065642,-2.89488156656576,0.003793016104706,0.0406899503329503,"ENSMUSG00000036473","Tbc1d24"
94.3617407810285,-1.34057714002947,0.463088118317664,-2.89486403775506,0.00379322790959356,0.0406899503329503,"ENSMUSG00000073125","Xlr3b"
51.4363033960954,-0.293887032674913,0.101524713030652,-2.89473394114578,0.00379480023453853,0.0406899503329503,"ENSMUSG00000098632","Mir7665"
6081.02188492161,0.16870345210313,0.058289606361239,2.89422870790414,0.00380091201324065,0.0407367718664263,"ENSMUSG00000028517","Plpp3"
32.2154728703475,-0.421118427714694,0.145516452416758,-2.89395749223334,0.00380419658266996,0.0407403778280871,"ENSMUSG00000031518","Spata4"
11.5245033432241,1.16459533641066,0.402429322936999,2.8939127196578,0.00380473905090305,0.0407403778280871,"ENSMUSG00000093898",NA
231.839749383126,-0.221224295761794,0.0764549741673238,-2.89352390961036,0.00380945286216536,0.0407721495467795,"ENSMUSG00000068220","Lgals1"
44.8795201733461,0.311146063915101,0.107569444055245,2.89251345163878,0.00382172816521724,0.0408847848582338,"ENSMUSG00000095596",NA
840.705320569254,0.112331645294053,0.0388392079355723,2.89222286614065,0.00382526492055891,0.0409038749613407,"ENSMUSG00000041632","Mrps27"
885.542531259653,-0.17781160301191,0.0614854863614839,-2.89192805545238,0.0038288561401157,0.040923529706374,"ENSMUSG00000022816","Fstl1"
113.306753595451,0.294481256532991,0.101846959102318,2.89140941593699,0.00383518135341872,0.0409349055019905,"ENSMUSG00000000628","Hk2"
284.499737899792,-0.134003938089096,0.0463420542388211,-2.89162706077972,0.00383252584966896,0.0409349055019905,"ENSMUSG00000004500","Zfp324"
89.4990303198037,0.320219080703265,0.110743152152735,2.89154746346415,0.00383349682964808,0.0409349055019905,"ENSMUSG00000097031",NA
638.539199783573,-0.182131859400023,0.0629944196959493,-2.8912379902713,0.00383727410974754,0.0409385235575123,"ENSMUSG00000029313","Aff1"
11.5044967113762,-0.865225040030592,0.299326062733116,-2.89057702536929,0.00384535285372427,0.0410059715232918,"ENSMUSG00000061974","Cldn24"
796.960805554271,0.190714346280878,0.0660015861941499,2.8895418622194,0.00385803634828502,0.0411224394876791,"ENSMUSG00000070871","Ccnyl1"
500.037106550584,-0.432230176969326,0.149603163154602,-2.88917806184789,0.00386250288569618,0.0411512573531747,"ENSMUSG00000045314","Sowahb"
1061.04174917045,0.786081787318519,0.272091786826484,2.88903166275949,0.00386430161698338,0.0411516389804941,"ENSMUSG00000096629","Gm3383"
1543.70719116832,-0.453138838754367,0.156921491201392,-2.88767864290056,0.00388096153588304,0.0413102075385854,"ENSMUSG00000066687","Zbtb16"
381.697864260128,-0.122445969487553,0.0424086004165624,-2.88729098071656,0.00388574688376402,0.0413234576344891,"ENSMUSG00000031546","Gins4"
1363.22032077313,0.107983537095261,0.0373993642149394,2.88730943324771,0.00388551898210068,0.0413234576344891,"ENSMUSG00000041926","Rnpep"
92.4407036125675,-0.315671126639528,0.109342181031483,-2.88700228641532,0.00388931404168467,0.0413425581398202,"ENSMUSG00000029337","Fgf5"
206.400351582,0.246366266590802,0.0853507479135441,2.88651561484099,0.00389533417623989,0.0413700839877236,"ENSMUSG00000032089","Il10ra"
88.5433848482293,0.27604705350213,0.0956336186358118,2.88650641311987,0.00389544808315198,0.0413700839877236,"ENSMUSG00000044583","Tlr7"
2368.62307161325,0.250125670413901,0.08665910130829,2.88631738199175,0.00389778874454874,0.0413761176280133,"ENSMUSG00000056296","Synpr"
973.424944513535,0.213960176949616,0.0741639438636217,2.88496223101433,0.00391460622437103,0.0415357514070423,"ENSMUSG00000021360","Gcnt2"
934.897407457118,0.11984115331826,0.041547440759518,2.88444128272343,0.00392108873192836,0.0415856311991839,"ENSMUSG00000053950","Adnp2"
1177.04458014425,-0.297937090685599,0.103326917074969,-2.88344120892942,0.00393356064881652,0.0416783381786612,"ENSMUSG00000016487","Ppfibp1"
193.824812512619,0.255678497323024,0.0886797029967059,2.88316817358445,0.00393697192665673,0.0416783381786612,"ENSMUSG00000027408","Cpxm1"
717.095896427517,-0.238621920801061,0.0827601215312219,-2.88329592062089,0.00393537553293044,0.0416783381786612,"ENSMUSG00000042734","Ttc9"
58.920542159703,0.442581761755971,0.153498285945993,2.88330100253816,0.00393531203879654,0.0416783381786612,"ENSMUSG00000070942","Il1rl2"
31.140036437787,-0.397543322357381,0.137938786033503,-2.88202712078983,0.00395125722706915,0.0418106062790006,"ENSMUSG00000079048","4933413L06Rik"
6.77541922749189,0.709808953576707,0.246418489799298,2.88050200354215,0.00397042428717564,0.0419943879182334,"ENSMUSG00000102152",NA
22.6240166701241,0.615474646424008,0.213693696346568,2.88017221353049,0.00397458004115345,0.0420193033970312,"ENSMUSG00000074071","Fam169b"
282.678156235303,0.338435645879288,0.117544207562749,2.87922010702757,0.00398659990781985,0.0421272981657939,"ENSMUSG00000053469","Tg"
948.695706481118,0.18759087815598,0.0651567961022234,2.87906848368774,0.00398851711998884,0.0421284864850224,"ENSMUSG00000028015","Ctso"
842.646211064468,0.35360813917024,0.122846479525003,2.878455618244,0.00399627507442389,0.0421784226260573,"ENSMUSG00000020374","Rasgef1c"
2474.79754388669,-0.167386678816622,0.0581524884420082,-2.87840956253396,0.00399685862352049,0.0421784226260573,"ENSMUSG00000087478","4930506C21Rik"
10.5701119245464,-0.671320503820188,0.233248050261447,-2.87813983039818,0.0040002778195082,0.0421954293451333,"ENSMUSG00000018570","2810408A11Rik"
281.572600071315,0.19177559256461,0.0666383952080108,2.87785430555442,0.00400390010129172,0.0422145619080635,"ENSMUSG00000092486",NA
304.409542204814,0.137075005758846,0.0476370519331994,2.87748717009323,0.00400856210406084,0.0422169576673357,"ENSMUSG00000024725","Ostf1"
1661.81817398152,-0.342541189395504,0.119045004374184,-2.87740918819931,0.00400955297727298,0.0422169576673357,"ENSMUSG00000031431","Tsc22d3"
5.78686428627138,1.04372720527796,0.362715759693393,2.87753475658248,0.00400795755783503,0.0422169576673357,"ENSMUSG00000036912","Piwil4"
6.67785658907565,-0.833773934605302,0.289788215822881,-2.87718371238017,0.00401241922611831,0.0422280892674841,"ENSMUSG00000086273","Rbm46os"
3251.43359473082,0.193708666059631,0.0673358621117141,2.87675333744531,0.00401789531712866,0.0422577519015703,"ENSMUSG00000015981","Stk32c"
699.466975198206,0.306575860422145,0.106578156760029,2.8765355842326,0.00402066859329939,0.0422577519015703,"ENSMUSG00000025370","Cdh9"
86.5587200233235,0.266980849986297,0.0928088811708766,2.87667351031569,0.00401891178322945,0.0422577519015703,"ENSMUSG00000035595","Fam174c"
7.72969752374826,-0.666194101468539,0.231630577853534,-2.87610602901397,0.00402614444765407,0.042277233397026,"ENSMUSG00000065847","Gm25188"
1764.72651921475,0.143099443430063,0.0497541472396462,2.87613096333075,0.00402582640669932,0.042277233397026,"ENSMUSG00000087143","A830082K12Rik"
406.802662294248,-0.256782847053032,0.0893572143911578,-2.87366665134585,0.00405736956911484,0.04258596126432,"ENSMUSG00000087088","Gm16638"
45.1525945896932,0.745119317205125,0.259345277330906,2.87307841065641,0.00406493213171437,0.0426461621351049,"ENSMUSG00000091563","Gm8108"
4958.33338765842,0.0575763881515291,0.0200443058932193,2.87245607097856,0.00407294700522202,0.0427110520857582,"ENSMUSG00000052336","Cx3cr1"
2545.44859421309,0.171634137718153,0.0597588659105957,2.8721116959437,0.00407738824075415,0.0427384255518294,"ENSMUSG00000058600","Rpl30"
161.663833190114,0.425790027642524,0.148260213655454,2.87191025255116,0.00407998819423557,0.0427464831319752,"ENSMUSG00000059049","Frem1"
1048.73405636825,0.130314794367892,0.0454033486078454,2.87015822320591,0.00410266450491352,0.0429647813091953,"ENSMUSG00000037885","Stk35"
24.0283521145032,-0.970488851739863,0.33819210531886,-2.8696378078514,0.00410942217839087,0.0430162519776584,"ENSMUSG00000088818",NA
1261.12278640051,0.134390193012951,0.0468463354712027,2.86874505041195,0.00412103830176002,0.0430991922392402,"ENSMUSG00000004460","Dnajb11"
1715.67188040657,0.0925233986918224,0.0322518495283623,2.86877807148571,0.00412060811758281,0.0430991922392402,"ENSMUSG00000032285","Dnaja4"
14.911882926247,0.516329692850445,0.180003897195215,2.86843618885919,0.00412506398937275,0.0431219743412128,"ENSMUSG00000100490",NA
84.7406019660764,-0.444730353267901,0.155070290439921,-2.86792751858683,0.00413170175340022,0.0431720295566792,"ENSMUSG00000094083","Gm1604b"
19.2297435258694,1.0859569637083,0.378675497253569,2.86777721712774,0.00413366492839279,0.0431732171917104,"ENSMUSG00000101448",NA
24.8419417684059,-0.946538560889551,0.330112142977113,-2.86732427457288,0.00413958619497706,0.0432157247537342,"ENSMUSG00000097065",NA
867.288927472829,0.716759545093981,0.250005649797468,2.86697338909995,0.00414417857013911,0.0432250046303652,"ENSMUSG00000000305","Cdh4"
38.0288028335107,0.820712451989243,0.286253081956002,2.86708686726171,0.00414269286695579,0.0432250046303652,"ENSMUSG00000095681","Gm8281"
4031.63122137899,0.167417535965867,0.0584164510100457,2.86593130995028,0.00415784452395187,0.043348175400897,"ENSMUSG00000032705","Exd2"
147.487709128811,0.250192136887224,0.0873076446805762,2.86563837339305,0.00416169348537286,0.0433689334951155,"ENSMUSG00000026480","Ncf2"
92.2028450237425,-0.236802855041992,0.0826499288413376,-2.86513077944181,0.00416837053460835,0.0434191313651775,"ENSMUSG00000019866","Crybg1"
31.2796929685784,0.324243775149331,0.113193881906717,2.86449912033708,0.00417669314767471,0.0434864175495855,"ENSMUSG00000102923","Gm31728"
68.5480406831067,-0.253718258590452,0.0886052967851996,-2.86346604318166,0.00419033725881547,0.0436090248027328,"ENSMUSG00000086430",NA
273.421111443222,-0.165114210956943,0.0576653781621105,-2.86331619109077,0.00419231974767697,0.0436102138458215,"ENSMUSG00000046380","Jrk"
6.33960686836343,0.966604432440148,0.337702841620455,2.86229286020198,0.00420588080493572,0.0437317931535032,"ENSMUSG00000103452",NA
882.634179442033,0.0954601789100757,0.0333533370175177,2.86208779828952,0.00420860304165342,0.0437406147824202,"ENSMUSG00000015023","Ddx19a"
11414.6800680911,-0.0948505346109828,0.0331498617297792,-2.86126486391273,0.00421954373967109,0.0438084152700563,"ENSMUSG00000031633","Slc25a4"
2125.77324245579,-0.246427582446835,0.086127865812274,-2.86118296468594,0.00422063397879888,0.0438084152700563,"ENSMUSG00000054280","Prr14l"
35.3066852957327,-0.381243382528237,0.133247197556293,-2.86117373963662,0.00422075679828457,0.0438084152700563,"ENSMUSG00000067158","Col4a4"
707.198935365736,-0.158494557017989,0.0554032492375236,-2.86074479744851,0.00422647118445373,0.0438482297149793,"ENSMUSG00000005774","Rfx5"
84.2749791291131,0.495396629439561,0.173244873513133,2.85951681797964,0.00424286920073872,0.0439987986463101,"ENSMUSG00000097727","F630040K05Rik"
725.032125092517,0.177287938430558,0.0620321425345994,2.85800121012542,0.00426318765693058,0.0441702572018333,"ENSMUSG00000020101","Vsir"
104.663669599104,-0.498631681156846,0.17446478917237,-2.85806484805481,0.00426233274607884,0.0441702572018333,"ENSMUSG00000072941","Sod3"
1302.77949268073,-0.128178374905973,0.0448652534662869,-2.85696312854423,0.0042771552022961,0.0442756691295777,"ENSMUSG00000036186","Dipk1b"
316.994479981481,0.391727129589207,0.13710942504685,2.85704013021246,0.00427611770996539,0.0442756691295777,"ENSMUSG00000063446","Plppr1"
132.070949974919,-0.345550818920479,0.121010654172843,-2.85554045866836,0.00429636485074709,0.0444548070527435,"ENSMUSG00000097103",NA
103.389118453227,0.309738528479012,0.108533828683999,2.8538431955702,0.00431938452107328,0.0446731913493193,"ENSMUSG00000024300","Myo1f"
64.4084115243794,0.33477773362739,0.117321662246167,2.85350315719999,0.00432400982391337,0.0447012229050531,"ENSMUSG00000077705",NA
13542.7596791673,-0.146737684917245,0.051430760916232,-2.85311129571357,0.00432934560912528,0.0447365712942946,"ENSMUSG00000029804","Herc3"
106.805772572739,0.286383252639372,0.100423011684886,2.85176920941194,0.00434766540302937,0.0448861360030582,"ENSMUSG00000003283","Hck"
51.2216583877609,-0.436484633290582,0.153057025326784,-2.85177784135466,0.00434754735077038,0.0448861360030582,"ENSMUSG00000044006","Cilp2"
1883.56630560483,-0.174870556708783,0.0613236958766562,-2.85159845976194,0.00435000120843343,0.0448903970859688,"ENSMUSG00000041817","Fam169a"
396.105441290472,0.276551604082012,0.0970106824954349,2.85073351684775,0.00436185086200569,0.0449776115827281,"ENSMUSG00000078958","Atp6ap1l"
208.613870094939,0.78794281604114,0.276403243393783,2.85070032596753,0.00436230615701909,0.0449776115827281,"ENSMUSG00000095912","Gm3317"
601.486703837139,0.169459807318078,0.0594580844505381,2.85007175868654,0.00437093664926069,0.0450466994276787,"ENSMUSG00000086935",NA
4362.90576806456,-0.16479472391729,0.0578320733315193,-2.84953857650258,0.00437826959389892,0.0450824645480293,"ENSMUSG00000040811","Eml2"
223.567676318976,0.727250361312826,0.255212344927624,2.84958927640851,0.00437757183006632,0.0450824645480293,"ENSMUSG00000091418",NA
276.689815783873,-0.233627275706618,0.0820265534661815,-2.84819080936931,0.0043968554096053,0.0452538782303423,"ENSMUSG00000038540","Tmc3"
125.139531522831,0.267235555121263,0.0938857698481343,2.84639041202444,0.00442179459714245,0.0454704631194256,"ENSMUSG00000040061","Plcb2"
316.110713558708,0.201345206386783,0.0707352270287541,2.84646299791948,0.00442078665902606,0.0454704631194256,"ENSMUSG00000041623","D11Wsu47e"
116.010680031676,1.3853170672674,0.486725834034493,2.8461958877022,0.0044244968167614,0.0454782162895911,"ENSMUSG00000023274","Cd4"
895.951799020555,0.459990340440037,0.161642349235055,2.84572912121645,0.00443098697248947,0.0454942086074194,"ENSMUSG00000027849","Syt6"
226.756739816633,0.793059433937144,0.278673877473457,2.84583342051026,0.00442953599462138,0.0454942086074194,"ENSMUSG00000072844","G530011O06Rik"
25.2370391923049,-0.387404563147702,0.136138569257661,-2.84566354164106,0.00443189951476981,0.0454942086074194,"ENSMUSG00000077615","Gm25499"
88.2604708682246,0.257069473896851,0.0903462818465827,2.84537967299398,0.00443585152229181,0.0455147613559814,"ENSMUSG00000089544",NA
157.968700249934,0.199569283223812,0.0701472381685602,2.84500556877603,0.00444106466343143,0.0455482304211247,"ENSMUSG00000007646","Rad51c"
441.494949451885,-0.316955972539311,0.11142021051385,-2.84469012468715,0.00444546468962154,0.0455733343214034,"ENSMUSG00000073876","Il11ra2"
67.1763693594168,0.248889012257459,0.0875206261564613,2.84377549827532,0.00445824485565252,0.0456842887030275,"ENSMUSG00000100259",NA
209.033636630714,0.303139607397387,0.106632385206872,2.84284747836487,0.0044712461898082,0.0457974110612956,"ENSMUSG00000020143","Dock2"
816.593254740751,-0.140310748051117,0.0493625404213888,-2.84245395097859,0.00447676977870955,0.0458338758528145,"ENSMUSG00000064496","DQ267101"
378.227952821238,-0.161716387327994,0.0569248600871533,-2.84087456834154,0.00449900040307073,0.0459935780733407,"ENSMUSG00000003228","Grk5"
4483.29537290102,-0.106271363035655,0.0374081303622635,-2.84086272172692,0.00449916752751964,0.0459935780733407,"ENSMUSG00000021096","Ppm1a"
5159.87009745162,0.0793842056637339,0.0279444510651161,2.84078601074514,0.00450024985303989,0.0459935780733407,"ENSMUSG00000024949","Sf1"
11.6550946661231,1.43169045568981,0.503974848913401,2.8407974302222,0.00450008871916536,0.0459935780733407,"ENSMUSG00000094259",NA
39.9246545618645,0.29857094279421,0.10511717726839,2.840363017282,0.00450622216216408,0.046034461239123,"ENSMUSG00000091786","Gm8425"
611.868197798677,0.229260620004319,0.0807236398961983,2.84006791937434,0.00451039294567877,0.0460569127432106,"ENSMUSG00000036896","C1qc"
275.08986277574,0.344779350092768,0.121432723949677,2.83926225879318,0.00452179761051579,0.0461330077020412,"ENSMUSG00000022372","Sla"
16.7732698697198,-1.02613775243659,0.361393900234984,-2.8393886885456,0.00452000618636882,0.0461330077020412,"ENSMUSG00000072834","Gm12298"
111.984129198478,-0.262255359658125,0.0923864961175805,-2.83867632910715,0.00453010823882675,0.0461976044643655,"ENSMUSG00000004837","Grap"
459.044049422569,-0.214482825814688,0.0755752026593181,-2.83800530157419,0.0045396428614154,0.0462356444914854,"ENSMUSG00000024535","Snx24"
211.985446678366,0.26630830275901,0.0938291072426579,2.83822697012657,0.00453649116667661,0.0462356444914854,"ENSMUSG00000030579","Tyrobp"
1723.9113007985,-0.146340937146231,0.0515648918017936,-2.8379956212987,0.00453978054125368,0.0462356444914854,"ENSMUSG00000041078","Grid1"
354.989550448689,0.155954805554787,0.0549874966136004,2.83618668168672,0.00456557507528845,0.0464578112390838,"ENSMUSG00000042694","Stn1"
11.4690460744294,0.530297498383997,0.186969129629849,2.83628371931692,0.00456418800691318,0.0464578112390838,"ENSMUSG00000088490","Gm24400"
3465.04202905685,0.147600771894952,0.0520802366271173,2.83410332698256,0.00459544705878662,0.0467414033521813,"ENSMUSG00000031864","Ints10"
1736.33557567734,0.16861923488594,0.0595099066121583,2.83346495542122,0.00460463565327679,0.0468144643094251,"ENSMUSG00000021916","Glt8d1"
5898.56876812597,0.110192246401494,0.038894186496912,2.83312896672212,0.0046094784886561,0.0468432983720938,"ENSMUSG00000026028","Trak2"
381.308765591525,0.24693207305125,0.0871779178051141,2.83250712185242,0.00461845373498874,0.04689931526551,"ENSMUSG00000024726","Carnmt1"
597.313112624549,0.196052817725025,0.0692162347242912,2.83246869041578,0.00461900894466896,0.04689931526551,"ENSMUSG00000032067","Pts"
7.50094759796972,-1.01571983084568,0.358620284357937,-2.8322988831047,0.00462146283346043,0.0469038290962899,"ENSMUSG00000095342",NA
7.24927662877826,0.769145994439884,0.271583552878282,2.83207869654978,0.00462464651153253,0.046915742511388,"ENSMUSG00000073490","Ifi207"
123.652472570515,0.323909116931839,0.114386352730317,2.83171120680368,0.00462996447059396,0.0469492878527692,"ENSMUSG00000098128","Gm3693"
3920.3658163116,-0.254896274060163,0.0900377665509658,-2.83099285804562,0.00464037571920697,0.0470344291851708,"ENSMUSG00000036617","Etl4"
1391.89651161505,0.146126387907923,0.0516211094695918,2.83074868807307,0.00464391937388484,0.0470499175106744,"ENSMUSG00000092252",NA
710.566798238745,0.72667707802975,0.256746604988919,2.83032789493404,0.00465003212261456,0.0470914099081092,"ENSMUSG00000092167","Gm3696"
1418.42167749836,0.13397278809087,0.0473529173277076,2.82924042807556,0.00466586321818259,0.0472312424553496,"ENSMUSG00000047409","Ctdspl"
2953.46347460082,0.10046580526386,0.0355346167371766,2.82726576191693,0.00469473476668337,0.0475029014558691,"ENSMUSG00000028600","Podn"
13.4031184975807,-0.594955512787978,0.210484178079401,-2.82660444227567,0.00470443999783634,0.0475804778464011,"ENSMUSG00000031163","Glod5"
77.6081594709205,-0.345057583191035,0.122176124078744,-2.82426362591632,0.00473893886612143,0.0479086400830977,"ENSMUSG00000018126","Baiap2l2"
41.5926535156257,-0.311312657263542,0.11023670900647,-2.82403801845418,0.00474227592994236,0.0479216220920539,"ENSMUSG00000065562","Mir215"
200.356559246613,-0.232663960661142,0.0824141446516982,-2.82310714555657,0.00475606740403282,0.0480401910049062,"ENSMUSG00000026475","Rgs16"
32.7167894647567,0.431817426454936,0.1529772213816,2.82275637219067,0.00476127374426954,0.0480719779465761,"ENSMUSG00000041012","Cmtm8"
4766.40046553808,-0.197228422064067,0.0698778631189611,-2.82247357404593,0.00476547491991206,0.048089087622412,"ENSMUSG00000026179","Pnkd"
250.415282364358,-0.510558633397144,0.180897449918842,-2.82236501192362,0.00476708858151315,0.048089087622412,"ENSMUSG00000087524",NA
9581.11988341415,-0.166657226023289,0.0590629644043358,-2.82168746022261,0.004777170853203,0.0481699780675238,"ENSMUSG00000055022","Cntn1"
400.215192252717,0.463440969842348,0.164282406996823,2.82100182432384,0.00478739306229733,0.048252209090331,"ENSMUSG00000033007","Asic4"
229.395370734363,0.465111472986323,0.164895647254203,2.82064130091504,0.00479277607624058,0.0482856158600275,"ENSMUSG00000097466","D430036J16Rik"
841.69774089726,0.110388105140439,0.0391636408674967,2.81863745799113,0.00482279562434603,0.0485645894236447,"ENSMUSG00000018921","Pelp1"
542.063169167659,0.124913553942173,0.044318916253401,2.81851553472016,0.00482462763455563,0.0485645894236447,"ENSMUSG00000042705","Commd10"
113.567258328053,1.19484092514543,0.424168531127979,2.81690139051104,0.00484894107018964,0.048788289397171,"ENSMUSG00000057719","Sh3rf2"
423.026170816964,-0.220942006944739,0.0784404677657124,-2.81668395457117,0.0048522247098469,0.0487978848025168,"ENSMUSG00000019461","Plscr3"
2645.11745070576,-0.109077833774415,0.038727304859328,-2.8165614460037,0.00485407567628172,0.0487978848025168,"ENSMUSG00000028700","Pomgnt1"
29.7114555798399,0.818698502253211,0.290722392227532,2.81608339825596,0.00486130455067755,0.0488495187802265,"ENSMUSG00000020690","Efcab3"
4301.46550772621,-0.131559595106285,0.0467255911414154,-2.81557904121787,0.00486894182226969,0.0489052103946822,"ENSMUSG00000025931","Paqr8"
210.402512211237,-0.238564808809307,0.0847363424547893,-2.8153776986137,0.00487199370103233,0.0489148167583646,"ENSMUSG00000096952",NA
291.542539499218,-0.346633210617996,0.123153280281859,-2.8146486218204,0.00488305926921451,0.0490048377133596,"ENSMUSG00000085941",NA
8807.15978164194,-0.227789394533355,0.0809624146299413,-2.81352026831861,0.00490022968951689,0.0491560213332156,"ENSMUSG00000053477","Tcf4"
24.4057284991081,0.640381039114143,0.227657887374534,2.81290952182391,0.00490954632629336,0.0492201322046405,"ENSMUSG00000027996","Sfrp2"
279.000080794297,0.280967657706548,0.0998880711526409,2.8128249395986,0.00491083784880297,0.0492201322046405,"ENSMUSG00000059498","Fcgr3"
19.0725004790147,0.476651125464055,0.169574976645416,2.81085768014429,0.00494096361117234,0.0495008212770798,"ENSMUSG00000086264","Gm15850"
1003.23163206643,0.2773307079714,0.0986849881575074,2.81026236258713,0.00495011293433324,0.0495712081622225,"ENSMUSG00000027297","Ltk"
39.0384392800027,0.394622106388574,0.140506964062799,2.80855905627709,0.00497637542584368,0.0498128351481429,"ENSMUSG00000027861","Casq2"
819.687192748996,-0.17725289172962,0.0631181980061036,-2.80826920490472,0.00498085703419748,0.0498215064319404,"ENSMUSG00000032840","Spring1"
16.5494283739066,-1.01031506911613,0.359769733533946,-2.80822697115738,0.00498151034623437,0.0498215064319404,"ENSMUSG00000048070","Pirt"
191.557700365981,-0.26249364198637,0.0934883635730646,-2.80776806817483,0.00498861409395859,0.0498285061169342,"ENSMUSG00000049791","Fzd4"
2509.07049156482,-0.159600616578984,0.0568401032409827,-2.80788752093451,0.00498676410223338,0.0498285061169342,"ENSMUSG00000050272","Dscam"
6.32204636244716,0.743118599597525,0.264656481746949,2.80786094749063,0.00498717559746645,0.0498285061169342,"ENSMUSG00000086996","4933416E14Rik"
251.412935736091,0.144269295411715,0.051386790502963,2.80751714593649,0.00499250220421633,0.0498460132391025,"ENSMUSG00000021720","Rnf180"
459.543508166652,-0.323036411922227,0.115067354169017,-2.80736803461852,0.00499481402361351,0.0498477741569945,"ENSMUSG00000022206","Npr3"
